,Project,Maintainer Name,Company,Github Name,OWNERS/MAINTAINERS
Graduated,Kubernetes,Bob Killen,Google,mrbobbytables,https://git.k8s.io/steering#members
,,Stephen Augustus,Cisco,justaugustus,
,,Benjamin Elder,Google,BenTheElder,
,,Nabarun Pal,VMware,palnabarun,
,,Maciej Szulik,Red Hat,soltysh,
,,Paco Xu 徐俊杰,DaoCloud,pacoxu,
,,Patrick Ohly,Intel,pohly,
,Kubernetes: SIG Contributor Experience (non-voting),Josh Berkus,Red Hat,jberkus,https://git.k8s.io/community/sig-contributor-experience#leadership
,,Christoph Blecker,Red Hat,cblecker,
,,Kaslin Fields,Google,kaslin,
,,Madhav Jivrajani,VMware,MadhavJivrajani,
,,Nikhita Raghunath,VMware,nikhita,
,,Priyanka Saggu,SUSE,Priyankasaggu11929,
,Kubernetes: SIG K8s Infra (non-voting),Arnaud Meukam,VMware,ameukam,https://git.k8s.io/community/sig-k8s-infra#leadership
,,Aaron Crickenberger,Google,spiffxp,
,,Davanum Srinivas,AWS,dims,
,,Tim Hockin,Google,thockin,
,Kubernetes: SIG Release (non-voting),Sascha Grunert,Red Hat,saschagrunert,https://git.k8s.io/community/sig-release#leadership
,,Jeremy Rickard,Microsoft,jeremyrickard,
,,Adolfo García Veytia,Chainguard,puerco,
,,Carlos Tadeu Panato Jr.,Chainguard,cpanato,
,,Verónica López,PlanetScale,Verolop,
Graduated,Prometheus,Augustin Husson,Amadeus,Nexucis,https://prometheus.io/governance/#team-members
,,Bartłomiej Płotka,Google,bwplotka,
,,Ben Kochie,Reddit,superq,
,,Ben Reedy,Indue Ltd,breed808,
,,Björn Rabenstein,Grafana Labs,beorn7,
,,Bryan Boreham,Grafana Labs,bboreham,
,,Calle Pettersson,Instabee Group,carlpett,
,,Callum Styan,Grafana Labs,cstyan,
,,Chris Marchbanks,Grafana Labs,csmarchbanks,
,,Frederic Branczyk,Polar Signals,brancz,
,,Fabian Stäber,Grafana Labs,fstab,
,,Ganesh Vernekar,Grafana Labs,codesome,
,,Goutham Veeramachaneni,Grafana Labs,gouthamve,
,,Johannes Ziemke,Independent,discordianfish,
,,Josh Abreu,Grafana Labs,gotjosh,
,,Julien Pivotto,Inuits,roidelapluie,
,,Julius Volz,Promlabs,juliusv,
,,Kemal Akkoyun,Polar Signals,kakkoyun,
,,Matthias Loibl,Polar Signals,metalmatze,
,,Matthias Rampke,Chronosphere,matthiasr,
,,Max Inden,Protocol Labs,mxinden,
,,Richard Hartmann,Grafana Labs,richih,
,,Simon Pasquier,Red Hat,simonpasquier,
,,Tobias Schmidt,Independent,grobie,
,,Tom Wilkie,Grafana Labs,tomwilkie,
Graduated,Envoy,Matt Klein,Lyft,mattklein123,https://github.com/envoyproxy/envoy/blob/master/OWNERS.md
,,Harvey Tuch,Google,htuch,
,,Alyssa Wilk,Google,alyssawilk,
,,Stephan Zuercher,Turbine Labs,zuercher,
,,Lizan Zhou,Aviatrix,lizan,
,,Snow Pettersen,,snowp,
,,Greg Greenway,Apple,ggreenway,
,,Yan Avlasov,Google,yanavlasov,
,,Ryan Northey,CNCF,phlax,
,,Ryan Hamilton,Google,RyanTheOptimist,
,,Joshua Marantz,Google,jmarantz,
,,Adi Peleg,Google,adisuissa,
,,Kevin Baichoo,Google,KBaichoo,
,,Baiping Wang,NetEase,wbpcode,
,,Keith Smiley,Lyft,keith,
,,Kuat Yessenov,Google,kyessenov,
,,Raven Black,Dropbox,ravenblackx,
,,,,,
Graduated,CoreDNS,Chris O'Haver,Infoblox,chrisohaver,https://github.com/coredns/coredns/blob/master/CODEOWNERS
,,John Belamaric,Google,johnbelamaric,
,,Miek Gieben,,miekg,
,,Yong Tang,,yongtang,
,,Brad Beam,,bradbeam,
,,Dmitry Ilyevsky,Cruise Automation,dilyevsky,
,,James Hartig,Admiral,fastest963,
,,Paul G,,greenpau,
,,,,isolus,
,,Pat Moroney,Walmart,pmoroney,
,,Sandeep Rajan,Infoblox,rajansandeep,
,,Michael Grosser,,stp-ip,
,,Ben Kochie,GitLab,superq,
Graduated,containerd,Michael Crosby,Apple,crosbymichael,https://github.com/containerd/project/blob/master/MAINTAINERS
,,Derek McGowan,Docker,dmcgowan,
,,Phil Estes,Amazon,estesp,
,,Akihiro Suda,NTT,AkihiroSuda,
,,Mike Brown,IBM,mikebrow,
,,Maksym Pavlenko,Apple,mxpv,
,,Wei Fu,Microsoft,fuweid,
,,Davanum Srinivas,Amazon,dims,
,,Kevin Parsons,Microsoft,kevpar,
,,Kazuyoshi Kato,Fly.io,kzys,
,,Samuel Karp,Google,samuelkarp,
Graduated,Fluentd,Naotoshi SEO,ZOZO Technologies,sonots,https://github.com/fluent/fluentd/blob/master/MAINTAINERS.md
,,Okkez,,okkez,
,,Hiroshi Hatake,Calyptia,cosmo0920,
,,Masahiro Nakagawa,,repeatedly,
,,"Satoshi ""Moris"" Tagomori",,tagomoris,
,,Eduardo Silva,Treasure Data,edsiper,
,,Kentaro Hayashi,Clearcode,kenhys,
,,Takuro Ashie,Clearcode,ashie,
,,Toru Takahashi,Treasure Data,toru-takahashi,
,,Daijiro Fukuda,Clearcode,daipom,
Graduated,Jaeger,Yuri Shkuro,Meta,yurishkuro,https://github.com/uber/jaeger/blob/master/CODEOWNERS
,,Albert Teoh,,albertteoh,
,,Joe Elliot,Grafana Labs,joe-elliott,
,,Jonah Kowall,Aiven,jkowall,
,,Pavol Loffay,Red Hat,pavolloffay,
Graduated,Vitess,Deepthi Sigireddi,PlanetScale,deepthi,https://github.com/vitessio/vitess/blob/master/MAINTAINERS.md
,,Andres Taylor,PlanetScale,systay,
,,Andrew Mason,PlanetScale,amason,
,,Arthur Schreiber,Microsoft,arthurschreiber,
,,Dan Kozlowski,Independent,dkhenry,
,,Derek Perkins,Nozzle,derekperkins,
,,Dirkjan Bussink,PlanetScale,dbussink,
,,Florent Poinsard,PlanetScale,frouioui,
,,Frances Thai,PlanetScale,notfelineit,
,,Harshit Gangal,PlanetScale,harshit-gangal,
,,Manan Gupta,PlanetScale,GuptaManan100,
,,Matt Lord,PlanetScale,mattlord,
,,Rohit Nayak,PlanetScale,rohit-nayak-ps,
,,Shlomi Noach ,PlanetScale,shlomi-noach,
,,Vicent Marti,PlanetScale,vmg,
Incubating,gRPC,Abhishek Kumar,Google,a11r,https://github.com/grpc/grpc/blob/master/MAINTAINERS.md
,,Alexander Polcyn,Google,apolcyn,
,,Arjun Roy,Google,arjunroy,
,,Juanli Shen,Google,AspirinSJL,
,,Bogdan Drutu,Google,bogdandrutu,
,,Dan Born,Google,daniel-j-born,
,,Zhang Dapeng,Google,dapengzhang0,
,,Doug Fawley,Google,dfawley,
,,David Klempner,Google,dklempner,
,,Eric Anderson,Google,ejona86,
,,Eric Gribkoff,Google,ericgribkoff,
,,Richard Belleville,Google,gnossen,
,,Guantao Liu,Google,guantaol,
,,Hope Casey-Allen,Google,hcaseyal,
,,JBoeuf,Google,jboeuf,
,,Jiangtao Li,Google,jiangtaoli2016,
,,Jayant Kolhe,Google,jkolhe,
,,Jan Tattermusch,Google,jtattermusch,
,,Karthik Ravi Shankar,Google,karthikravis,
,,Kumar Alok,Google,kumaralokgithub,
,,Lidi Zheng,Google,lidizheng,
,,Mark D. Roth,Google,markdroth,
,,Matthew Stevenson,Dropbox,matthewstevenson88,
,,Mehrdad Afshari,Google,mehrdada,
,,Moiz Haidry,Google,mhaidrygoog,
,,Michael Lumish,Google,murgatroid99,
,,Muxi Yan,Google,muxi,
,,nanahpang,Google,nanahpang,
,,Nathaniel Manista,Google,nathanielmanistaatgoogle,
,,Nicolas Noble,Google,nicolasnoble,
,,Pau Freixes,Skyscanner Ltd,pfreixes,
,,Qixuan Li,Google,qixuanl1  ,
,,Ran,Google,ran-su  ,
,,Prashant Jaikumar,Google,rmstar  ,
,,Sanjay Pujare,Google,sanjaypujare  ,
,,Sheena Madan,Google,sheenaqotj  ,
,,Soheil Hassas Yeganeh,Google,soheilhy  ,
,,Sree Kuchibhotla,LinkedIn,sreecha,
,,Srini Polavarapu,Google,srini100  ,
,,Stanley Cheung,Google,stanley-cheung  ,
,,Esun Kim,Google,veblush  ,
,,vishalpowar,Google,vishalpowar  ,
,,Jim King,Google,Vizerai  ,
,,Vijay Pai,Google,vjpai  ,
,,Chris Evans,Google,wcevans  ,
,,Wenbo Zhu,Google,wenbozhu  ,
,,Yang Gao,Google,yang-g  ,
,,Yash Tibrewal,Google,yashykt  ,
,,Yihuaz,Google,yihuazhang  ,
,,Zhouyihai Ding,Google,ZhouyihaiDing  ,
Incubating,CNI,Bruce Ma,,mars1024,https://github.com/containernetworking/cni/blob/master/MAINTAINERS
,,Casey Callendrello,Red Hat,squeed,
,,Dan Williams,Red Hat,dcbw,
,,Matt Dupre,Tigera,matthewdupre,
,,Michael Cambria,Red Hat,mccv1r0,
,,Piotr Skarmuk,,jellonek,
Graduated,TUF (The Update Framework),Sebastien Awwad,NYU,awwad,https://github.com/theupdateframework/tuf/blob/develop/docs/MAINTAINERS.txt
,,Justin Cappos,NYU,JustinCappos,
,,Marina Moore,NYU,mnm678,
,,Trishank Karthik Kuppusamy,NYU,trishankatdatadog,
,,Lukas Puehringer,NYU,lukpueh,
,,Santiago Torres-Arias,NYU,SantiagoTorres,
,,Joshua Lock,VMware,joshuagl,
,,Jussi Kukkonen,,jku,
Incubating,Notary,Justin Cormack ,Docker,justincormack,https://github.com/notaryproject/.github/blob/main/MAINTAINERS
,,Niaz Kahn,AWS,niazfk,
,,Hu Keping,Huawei,HuKeping,
,,Marina More,NYU,mnm678,
,,Feynman Zhou,Microsoft,FeynmanZhou,
,,Milind Gokarn,AWS,gokarnm,
,,Pritesh Bandi,AWS,priteshbandi,
,,Toddy Mladenov,Microsoft,toddysm,
,,Vani Rao,AWS,vaninrao10,
,,Yi Zha,Microsoft,yizha1,
Incubating,NATS,Colin Sullivan,Luxant Solutions,ColinSullivan1,https://github.com/nats-io/nats-general/blob/master/MAINTAINERS.md
,,Derek Collison,Synadia,derekcollison,
,,Ivan Kozlovic,Synadia,kozlovic,
,,Alberto Ricart,Synadia,aricart,
,,Waldemar Quevedo,Synadia,wallyqs,
,,Ginger Collison,Synadia,gcolliso,
,,David Kemper,Synadia,davidkemper,
,,Paulo Pires,,pires,
,,Oleg Shaldybin,Google,olegshaldibin,
,,R.I. Pienaar,Independent,ripienaar,
,,Christopher Watford,Independent,watfordgnf,
,,Brian Shannan,Workiva,brianshannan,
,,Charlie Strawn,Independent,charliestrawn,
,,Lev Brouk,Independent,levb,
,,Stephen Asbury ,Independent,sasbury,
,,Michael Ries,Independent,mmmries,
,,Phil Pennock,Synadia,philpennock,
,,Matthias Hanel,Synadia,matthiashanel,
,,Scott Fauerbach,Synadia,scottf,
,,Tomasz Pietrek, Synadia,jarema,
,,Neil Twigg, Synadia, neilalexander,
,,Byron Ruth, Synadia, bruth,
,,Piotr Piotrowski, Synadia, piotrpio,
Graduated,Linkerd,Oliver Gould,Buoyant,olix0r,https://github.com/linkerd/linkerd2/blob/main/MAINTAINERS.md
,,Alex Leong ,Buoyant,adleong,
,,Zarahi Dichev,Buoyant,zaharidichev,
,,Eliza Weisman ,Buoyant,hawkw,
,,Alejandro Pedraza,Buoyant,alpeb,
,,Kevin Leimkuhler,Buoyant,kleimkuhler,
,,Matei David,Buoyant,mateiidavid,
,Steering Committee,Chris Campbell,,campbel,
,,Christian Hüning,,christianhuening,
,,Justin Turner,,justin-turner-heb,
,,William King,,quentusrex,
Graduated,Helm,Matt Butcher,Microsoft,technosophos,https://github.com/helm/community/blob/master/MAINTAINERS.md
,,Matt Farina,SUSE,mattfarina,
,,Matt Fisher,Microsoft,bacongobbler,
,,Adam Reese,Microsoft,adamreese,
,,Reinhard Nägele,codecentric AG,unguiculus,
,,Josh Dolitsky,Blood Orange,jdolitsky,
,,Scott Rigby,Independent,scottrigby,
,,Karen Chu,Microsoft,karenhchu,
,,Martin Hickey,IBM,hickeyma,
Graduated,Rook,Satoru Takeuchi,Cybozu,satoru-takeuchi,https://github.com/rook/rook/blob/master/OWNERS.md
,,Jared Watts ,Upbound,jbw976,
,,Sebastien Han,Red Hat,leseb,
,,Blaine Gardner,Red Hat,BlaineEXE,
,,Travis Nielsen ,Red Hat,travisn,
,,Alexander Trost,Cloudibility,galexrt,
Graduated,Harbor,Daniel Jiang,VMware,reasonerjt,https://github.com/goharbor/community/blob/master/MAINTAINERS.md
,,Fanjian Kong,Tencent,kofj,
,,Daniel Pacak,Aqua Security,danielpacak,
,,Mingming Pei,Netease,mmpei,
,,Steven Ren,VMware,renmaosheng,
,,Yan Wang,VMware,wy65701436,
,,Wenkai Yin,VMware,ywk253100,
,,Henry Zhang,VMware,hainingzhang,
,,Steven Zou,VMware,steven-zou,
,,Jérémie MONSINJON,OVH Cloud,jMonsinjon,
,,Pierre PÉRONNET,OVH Cloud,holyhope,
,,Alex Xu,VMware,xaleeks,
,,Tianon Gravi,InfoSiftr,tianon,
,,Vadim Bauer,8gears,Vad1mo,
,Harbor: SIG Community,Orlin Vasilev,VMware,OrlinVasilev,
,Harbor: SIG Docs,Abigail McCarthy,VMware,a-mccarthy,
Graduated,etcd,Benjamin Wang,VMware,ahrtr,https://github.com/etcd-io/etcd/blob/main/OWNERS
,,Hitoshi Mitake,,mitake,
,,Marek Siarkowicz,Google,serathius,
,,Piotr Tabor,Google,ptabor,
,,Sahdev Zala,IBM,spzala,
,,Wenjia Zhang,Google,wenjiaswe,
,SIG etcd,James Blair,Red Hat,jmhbnz,https://github.com/kubernetes/community/tree/master/sig-etcd#leadership
Graduated,Open Policy Agent,Tim Hinrichs,Styra,timothyhinrichs,https://github.com/open-policy-agent/opa/blob/master/MAINTAINERS.md
,,Torin Sandall,Styra,tsandall,
,,Ashutosh Narkar,Styra,ashutosh-narkar,
,,Sertaç Özercan,Microsoft,sozercan,
,,Rita Zhang,Microsoft,ritazh,
,,Oren Shomron,VMware,shomron,
,,Max Smythe,Google,maxsmythe,
,,Craig Tabita,Google,ctab,
Incubating,CRI-O,Mrunal Patel,Red Hat,mrunalp,https://github.com/cri-o/cri-o/blob/main/OWNERS
,,Nalin Dahyabhai,Red Hat,nalind,
,,Giuseppe Scrivano,Red Hat,giuseppe,
,,Urvashi Mohnani,Red Hat,umohnani8,
,,Sascha Grunert,Red Hat,saschagrunert,
,,Peter Hunt,Red Hat,haircommander,
,,Fabiano Fidêncio,Intel,fidencio,
,,Kir Kolyshkin,Red Hat,kolyshkin,
Graduated,TiKV,Siddon Tang,PingCAP,siddontang,https://github.com/tikv/tikv/blob/master/MAINTAINERS.md
,,Jay Li,PingCAP,busyjay,
,,Jinpeng Zhang,PingCAP,zhangjinpeng1987,
,,Wink Yao,PingCAP,winkyao,
,,Xiaoguang Sun,PingCAP,sunxiaoguang,
,,Daobing Li,JD,lidaobing,
,,Fu Chen,Yidianzixun,fredchenbj,
Incubating,CloudEvents,Doug Davis,IBM,duglin,https://github.com/cloudevents/spec/blob/main/OWNERS
,,Mark Peek,VMware,markpeek,
,,Ken Owens,Mastercard,kenowens12,
,,Klaus Deissner,SAP,deissnerk,
Incubating,Falco,Andrea Terzolo,Polytechnic of Turin,andreagit97,https://github.com/falcosecurity/evolution/blob/main/MAINTAINERS.md#core-maintainers
,,Carlos Tadeu Panato Junior,Chainguard,cpanato,
,,Federico Di Pierro,Sysdig,fededp,
,,Grzegorz Nosek,Sysdig,gnosek,
,,Jason Dellaluce,Sysdig,jasondellaluce,
,,Leonardo Grasso,Sysdig,leogr,
,,Luca Guerra,Sysdig,lucaguerra,
,,Mark Stemm,Sysdig,mstemm,
,,Massimiliano Giovagnoli,Clastix,maxgio92,
,,Mauro Ezequiel Moltrasio,RedHat,molter73,
,,Melissa Kilby,Apple,incertum,
,,Michele Zuccala,Sysdig,zuc,
,,Thomas Labarussias,Sysdig,issif,
Graduated,SPIFFE,Andres Vega,VMware,anvega,https://github.com/spiffe/spiffe/blob/main/CODEOWNERS
,,Evan Gilman,VMware,evan2645,
,,Andrew Jessup,HPE,ajessup,
,,Andrew Moore,Uber,amoore877,
,,Frederick Kautz,Doc.ai,fkautz,
,,Dan Feldman,HPE,dfeldman,
,,Justin Burke,Google,justinburke,
,,Spike Curtis,Tigera,spikecurtis,
,,Andrew Harding,VMware,azdagron,
Graduated,SPIRE,Andrew Harding,VMware,azdagron,https://github.com/spiffe/spire/blob/main/CODEOWNERS
,,Evan Gilman,VMware,evan2645,
,,Marcos Yacob,HPE,MarcosDY,
,,Agustin Martinez Fayo,HPE,amartinezfayo,
,,Ryan Turner,Uber,rturner3,
Sandbox,Telepresence,Jose Cortes,Datawire,josecv,https://github.com/telepresenceio/telepresence/blob/release/v2/MAINTAINERS.md
,,Kévin Lambert,Datawire,knlambert,
,,Nick Powell,Datawire,njayp,
,,Thomas Hallgren,Datawire,thallgren,
Incubating,OpenMetrics,Ben Kochie,GitLab,superq,https://github.com/OpenObservability/OpenMetrics/blob/master/MAINTAINERS.md
,,Brian Brazil,Robust Perception,brian-brazil,
,,Jerome Froelich,Uber,jeromefroe,
,,Richard Hartmann,Grafana Labs,richih,
,,Rob Skillington,Chronosphere,robskillington,
,,Sumeer Bhola,Google,sumeer,
Incubating,Cortex,Alan Protasio,Amazon Web Services,alanprot,https://github.com/cortexproject/cortex/blob/master/MAINTAINERS
,,Alvin Lin,Amazon Web Services,alvinlin123,
,,Ben Ye,Amazon Web Services,yeya24,
,,Friedrich Gonzalez,Adobe,friedrich-at-adobe,
Incubating,Buildpacks,Aidan Delaney,Bloomberg,aidandelaney,https://github.com/buildpacks/community/blob/main/OWNERS
,,Daniel Mikusa,VMware,dmikusa-pivotal,
,,David Freilich,AppsFlyer,dfreilich,
,,Emily Casey,VMware,ekcasey,
,,Javier Romero,VMware,jromero,
,,Jesse Brown,Salesforce,jabrown85,
,,Joe Kutner,Salesforce,jkutner,
,,Natalie Arellano,VMware,natalieparellano,
,,Sambhav Kothari,Bloomberg,samj1912,
,,Stephen Levine,VMware,sclevine,
,,Terence Lee,Salesforce,hone,
,,Travis Longoria,Salesforce,elbandito,
Incubating,Dragonfly,Allen Sun,Alibaba Group,allencloud,https://github.com/dragonflyoss/dragonfly/blob/master/MAINTAINERS.md
,,Chaobing Chen,Meitu,chenchaobing,
,,Zuozheng Hu,Alibaba Group,garfield009,
,,Jin Zhang,Alibaba Group,lowzj,
,,Jian Wang,Alibaba Group,wangj998,
,,Haibing Zhou,Ebay China,zhouhaibing089,
,,Eddie Huang,ByteDance,inoc603,
,,Gaius Qi,Ant Group,gaius-qi,
Sandbox,Virtual Kubelet,Ria Bhatia ,Niantic,rbitia,https://github.com/virtual-kubelet/community/blob/master/OWNERS.md
,,Brian Goff,Microsoft,cpuguy83,
,,Paulo Pires,,pires,
,,Ben Corrie,VMware,corrieb,
,,Sargun Dhillon ,Netflix,sargun,
Incubating,KubeEdge,Ce Zheng,DaoCloud,zc2638,https://github.com/kubeedge/kubeedge/blob/master/MAINTAINERS.md
,,Dave Chen,ARM,chendave,
,,Fei Xu,Huawei,fisherxu,
,,Jie Zhang,China Unicom,kadisi,
,,Sanil Kumar,Huawei,skdwriting,
,,Siddharth Bhadri,Infoblox,sids-b,
,,Qi Zhang,Huawei,qizha,
,,Yin Ding,Pure Storage,dingyin,
,,Zefeng (Kevin) Wang,Huawei,kevin-wangzefeng,
,,Zhe Gong,HarmonyCloud,GsssC,
Sandbox,Network Service Mesh,Ed Warnicke,Cisco,edwarnicke,https://github.com/networkservicemesh/networkservicemesh/blob/master/OWNERS.md
,,Frederick Kautz,Doc.ai,fkautz,
,,Nikolay Nikolaev,VMware,nickolaev,
,,Andrey Sobolev,Xored,haiodo,
Incubating,OpenTelemetry (Governance Committee),Alolita Sharma,Apple,alolita,https://github.com/open-telemetry/community/blob/master/community-members.md#governance-committee
,,Austin Parker,Honeycomb,austinlparker,
,,Daniel Dyla,Dynatrace,dyladan,
,,Daniel Gomez Blanco,Skyscanner,danielgblanco,
,,Juraci Paixão Kröhling,Grafana Labs,jpkrohling,
,,Morgan James McLean,Splunk,mtwo,
,,Severin Neumann,Cisco,svrnm,
,,Ted Young,Lightstep,tedsuo,
,,Trask Stalnaker,Microsoft,trask,
,OpenTelemetry (Technical Committee excluding GC members),Armin Ruech,Dynatrace,arminru,https://github.com/open-telemetry/community/blob/master/community-members.md#technical-committee
,,Bogdan Drutu,Snowflake,bogdandrutu,
,,Carlos Alberto,Lightstep,carlosalberto,
,,Jack Berg,New Relic,jack-berg,
,,Josh MacDonald,Lightstep,jmacd,
,,Josh Suereth,Google,jsuereth,
,,Reiley Yang,Microsoft,reyang,
,,Tigran Najaryan,Splunk,tigrannajaryan,
,,Yuri Shkuro,Meta,yurishkuro,
Sandbox,OpenEBS,Amit Kumar Das,MayaData,AmitKumarDas,https://github.com/openebs/openebs/blob/master/MAINTAINERS
,,Jeffry Molanus,MayaData,gila,
,,Karthik Satchitanand,MayaData,ksatchit,
,,Kiran Mova,MayaData,kmova,
,,Murat Karslioglu,MayaData,muratkars,
,,Richard Elling ,Viking Enterprise Solutions,richardelling,
,,Vishnu Itta,MayaData,vishnuitta,
Incubating,Thanos,Bartłomiej Płotka,Red Hat,bwplotka,https://github.com/thanos-io/thanos/blob/master/MAINTAINERS.md
,,Frederic Branczyk ,Polar Signals,brancz,
,,Giedrius Statkevičius,Vinted,GiedriusS,
,,Kemal Akkoyun,Polar Signals,kakkoyun,
,,Lucas Servén Marín,,squat,
,,Prem Saraswat,,onprem,
,,Matthias Loibl,Polar Signals,metalmatze,
,,Ben Ye,Amazon Web Services,yeya24,
,,Wiard van Rij,Roku,wiardvanrij,
,,Matej Gera, Red Hat, matej-g,
,,Filip Petkovski,Shopify,fpetkovski,
,,Saswata Mukherjee,Red Hat,saswatamcode,
Graduated,Flux,Hidde Beydals,Weaveworks,hiddeco,https://github.com/fluxcd/community/blob/main/project/flux-project-maintainers.yaml
,,Michael Bridgen,Pulumi,squaremo,
,,Stefan Prodan,Weaveworks,stefanprodan,
,,Aurel Canciu, NexHealth,relu,
,,Max Jonas Werner, Weaveworks,makkes,
,,Philip Laine, Xenit,phillebaba,
,,Sunny, Weaveworks,darkowlzz,
,,Scott Rigby, Independent,scottrigby,
,,Takeshi Yoneda, Tetrate,mathetake,
,,Somtochi Onyekwere, Weaveworks,SomtochiAma,
,,Simon Howe, Weaveworks,foot,
,,Soule Ba, Weaveworks,souleb,
,,Yiannis Triantafyllopoulos, Weaveworks,yiannistri,
,,Kingdon Barrett, Weaveworks,kingdonb,
,,Paulo Gomes, SUSE,pjbgf,
,,Sanskar Jaiswal,Weaveworks,aryan9600,
Incubating,In-Toto,Justin Cappos,New York University,JustinCappos,https://github.com/in-toto/in-toto/blob/develop/MAINTAINERS.txt
,,Lukas Puehringer,NYU,lukpueh,
,,Marina Moore,NYU,mnm678,
,,Santiago Torres,Purdue University,SantiagoTorres,
,,Sebastien Awwad,Conda,awwad,
,,Aditya Sirish A Yelgundhalli,NYU,adityasaky,
Sandbox,Strimzi,Jakub Scholz,Red Hat,scholzj,https://github.com/strimzi/strimzi-kafka-operator/blob/master/MAINTAINERS
,,Paolo Patierno,Red Hat,ppatierno,
,,Tom Bentley,Red Hat,tombentley,
,,Jakub Stejskal,Red Hat,Frawless ,
,,Sam Hawker,IBM,samuel-hawker,
,,Stanislav Knot,Red Hat,sknot-rh,
,,Paul Mellor,Red Hat,PaulRMellor,
,,Lukáš Král,Red Hat,im-konge,
,,Maroš Orsák,Red Hat,see-quick,
Incubating,KubeVirt,David Vossel,Red Hat,davidvossel,https://github.com/kubevirt/community/blob/master/MAINTAINERS.md
,,Vladik Romanovsky,Red Hat,vladikr,
,,Roman Mohr,Google,rmohr,
,,Vasiliy Ulyanov,SuSE,vasiliy-ul,
,,Stu Gott,Red Hat,stu-gott,
,,Fabian Deutsch,Red Hat,fabiand,
,,Ryan Hallisey,Nvidia,rthallisey,
,,Andrew Burden,Red Hat,aburdenthehand,
Incubating,Longhorn,Sheng Yang,SUSE,yasker,https://github.com/longhorn/longhorn/blob/master/MAINTAINERS
,,Shuo Wu,SUSE,shuo-wu,
,,David Ko,SUSE,innobead,
,,Derek Su,SUSE,derekbit,
,,Phan Le,SUSE,PhanLe1010,
Incubating,CubeFS,Haifeng Liu ,OPPO,bladehliu,https://github.com/cubefs/cubefs/blob/master/MAINTAINERS.md
,,Xiaochun HE,OPPO,xiaochunhe,
,,Hongyan Wang,OPPO,jadewang198510,
,,Tianjiong Zhang,OPPO,tianjiongzhang,
,,Chi He,OPPO,bboyCH4,
,,Xiang Li,OPPO,lixiang,
,,Liang Chang,OPPO,leonrayang,
,,TIANYUE PENG,OPPO,pengtianyue025,
,,Yao Hu,OPPO,baijiaruo,
,,Xuewei Zeng,OPPO,Victor1319,
,,Weilong Guo,JD,awzhgw ,
,,Shuoran Liu,BEIKE,sjzlsr,
,,Hongyin Zhu ,JD,zhuhyc,
,,Jianxing Zhao,JD,znlstar,
,,Mofei Zhang,JD,mervinkid,
,,Tianpeng Li ,JD,Skypigltp,
,,Yubo Li,JD,yuboLee,
,,Wei Ding,JD,wding109,
,,Zhengyi Zhu,BEIKE,zhuzhengyi,
,,Liying Zhang,JD,Vivian7755,
,,Junyuan Zeng,JD,jzeng4,
,,Xihao Xu,JD,xxscott,
,,Wenjia Wu,JD,wenjia322,
Graduated,KEDA,Ahmed ElSayed,Microsoft,ahmelsayed,https://github.com/kedacore/governance/blob/main/MAINTAINERS.md
,,Jeff Hollan,Snowflake,jeffhollan,
,,Jorge Turrado Ferrero,SCRM Lidl International Hub,jorturfer,
,,Tom Kerkhove,Microsoft,tomkerkhove,
,,Zbynek Roubalik,Kedify,zroubalik,
Incubating,Volcano,Klaus Ma,Huawei,k82cn,https://github.com/volcano-sh/volcano/blob/master/MAINTAINERS.md
,,Kevin Wang,Huawei,kevin-wangzefeng,
,,Zhonghu Xu,Huawei,hzxuzhonghu,
,,Thor-wl,Huawei,Thor-wl,
,,William-wang,Huawei,william-wang,
Graduated,Argo, Saravanan Balasubramanian,Intuit,sarabala1979,https://github.com/argoproj/argoproj/blob/master/MAINTAINERS.md
,,Chetan Banavikalmutt,Red Hat,chetan-rns,
,,Simon Behar,AirBnB,simster7,
,,Xianlu Bird,Alibaba Cloud,xianlubird,
,,Henrik Blixt,Intuit,hblixt,
,,Shoubhik Bose,Red Hat,sbose78,
,,Remington Breeze,Akuity,rbreeze,
,,Alex Collins,Intuit,alexec,
,,Jann Fischer,Red Hat,jannfis,
,,Dan Garfield,Codefresh,todaywasawesome,
,,Kareena Hirani,Intuit,khhirani,
,,Pasha Kostohrys,Codefresh,pasha-codefresh,
,,Ed Lee,Intuit,edlee2121,
,,Alexander Matyushentsev,Intuit,alexmt,
,,Mikhail Mazurskiy,GitLab,ash2k,
,,Vaibhav Page, Black Rock,VaibhavPage,
,,William Tam,Red Hat,wtam2018,
,,Regina Scott,Red Hat,reginapizza,
,,Ishita Sequeira,Red Hat,ishitasequeira,
,,Jesse Suen,Akuity,jessesuen,
,,Yuan Tang,Red Hat,terrytangyuan,
,,Daisuke Taniwaki,Ubie,dtaniwaki,
,,Derek Wang,Intuit,whynowy,
,,Hong Wang,Akuity,wanghong230,
,,Jonathan West,Red Hat,jgwest,
,,May Zhang,Intuit,mayzhang2000,
,,Andrii Perenesenko,Intuit,perenesenko,
,,Leonardo Luz Almeida,Intuit,leoluz,
,,Michael Crenshaw,Intuit,crenshaw-dev,
Sandbox,CNI-Genie,Zefeng (Kevin) Wang,Huawei ,kevin-wangzefeng,https://github.com/cni-genie/CNI-Genie/blob/master/MAINTAINERS
,,Sushantha Kumar,Huawei ,sushanthakumar,
,,Jun Du,Huawei ,m1093782566,
Incubating,Keptn,Alois Reitbauer,Dynatrace,AloisReitbauer,https://github.com/keptn/keptn/blob/master/MAINTAINERS
,,Andreas Grabner,Dynatrace,grabnerandi,
,,Bernd Warmuth,Dynatrace,warber,
,,Christian Kreuzberger,Dynatrace,christian-kreuzberger-dtx,
,,Elisabeth Lang,Dynatrace,laneli,
,,Ermin Muratovic,Dynatrace,ermin-muratovic,
,,Florian Bacher,Dynatrace,bacherfl,
,,Giovanni Liva,Dynatrace,thisthat,
,,Johannes Bräuer,Dynatrace,johannes-b,
,,Jürgen Etzlstorfer,Microsoft,jetzlstorer,
,,Klaus Strießnig,Dynatrace,kirdock,
,,Moritz Wiesinger,Dynatrace,mowies,
,,Anna Reale,Dynatrace,RealAnna,
,,Ondrej Dubaj,Dynatrace,odubajDT,
,,Oleg Nenashev,WireMock Inc,oleg-nenashev,
,,Thomas Schuetz,Dynatrace,thschue,
,,Brad McCoy,Basiq,bradmccoydev,
,,David Hirsch, Dynatrace, DavidPHirsch,
,,Alex Jones, Canonical, AlexsJones,
,,Ana Margarita Medina, Lightstep, AnaMMedina21,
Sandbox,Kudo,Alena Varkockova,,alenkacz,https://github.com/kudobuilder/kudo/blob/main/OWNERS
,,Gerred Dillon,,gerred,
,,Thomas Runyon,,runyontr,
,,Aleksey Dukhovniy,,zen-dog,
,,Zain Malik,,zmalik,
,,Jeff McCormick,Red Hat,jmccormick2001,
,,Ken Sipe,d2iq,kensipe,
Incubating,Cloud Custodian,Kapil Thangavelu,Stacklet,kapilt,https://github.com/cloud-custodian/cloud-custodian/blob/master/OWNERS.md
,,Darren Dao,Intuit,darrendao,
,,Todd Stansell,23andMe,tjstansell,
,,John Hillegass,Fidelity,JohnHillegass,
,,Sonny Shi,Stacklet,thisishi,
,,David Filliatrault ,Amazon ,FireballDWF,
,,Jamison Roberts,Stacklet,jtroberts83,
,,Karol Lassak,Optiva ,ingwarsw,
,,Stefan Gordon,Microsoft,stefangordon,
,,Andy Luong,Microsoft,aluong,
,,Kiril Logachev,Stacklet,logachev,
,,Jorge Castro,Stacklet,castrojo,
Sandbox,Dex,Joel Speed ,Red Hat,JoelSpeed,https://github.com/dexidp/dex/blob/master/MAINTAINERS
,,Mark Sagi-Kazar,Banzai Cloud,sagikazarmark,
,,Nandor Kracser,Banzai Cloud,bonifaido,
,,Rithu John,Lyft,rithujohn191,
,,Stephan Renatus ,Chef,srenatus,
,,Stephen Augustus ,VMware,justaugustus,
Incubating,LitmusChaos,Amit Kumar Das,Harness,amityt,https://github.com/litmuschaos/litmus/blob/master/MAINTAINERS.md
,,Arkojyoti Mukherjee,Harness,arkajyotiMukherjee,
,,Chandan Kumar,ZopsMart,chandankumar4,
,,Karthik Satchitanand,Harness,ksatchit,
,,Maria Kotlyarevskaya,Independent,Jasstkn,
,,Neelanjan Manna,Harness,neelanjan00,
,,Oum Nivrati Kale,Independent,oumkale,
,,Raj Babu Das,Harness,imrajdas,
,,Rémi Ziolkowski,Pole Emploi,Vr00mm,
,,Soumya Ghosh Dastidar,Independent,gdsoumya,
,,Saranya Jena,Harness,Saranya-jena,
,,Sarthak Jain,Harness,SarthakJain26,
,,Sayan Mondal,Harness,S-ayanide,
,,Shubham Chaudhary,Harness,ispeakc0de,
,,Udit Gaurav,Harness,uditgaurav,
,,Vedant Shrotria,Harness,Jonsy13,
,,Uma Mukkara,Harness,umamukkara,
Sandbox,Artifact Hub,Sergio C. Arteaga,,tegioz,https://github.com/artifacthub/hub/blob/master/OWNERS
,,Cynthia S. Garcia,,cynthia-sg,
,,Matt Farina,SUSE,mattfarina,
,,Dan Kohn,Linux Foundation,dankohn,
Sandbox,Kuma,Jakub Dyszkiewicz,Kong,jakubdyszkiewicz,https://github.com/kumahq/kuma/blob/master/OWNERS.md
,,Ilya Lobkov,Kong,lobkovilya,
,,Nikolay Nikolaev ,Kong,nickolaev,
,,Marco Palladino ,Kong,subnetmarco,
,,Austin Cawley-Edwards ,Ververica,austince,
,,Bart Smykla ,Kong,bartsmykla,
,,Charly Molter ,Kong,lahabana,
,,James Peach ,Kong,jpeach,
,,Mike Beaumont ,Kong,michaelbeaumont,
,,Paul Parkanzky ,Kong,parkanzky,
Sandbox,Parsec,Adam Parco,Docker,adamparco,https://github.com/parallaxsecond/parsec/blob/master/MAINTAINERS.toml
,,Sabree Blackmon,Docker,heavypackets,
,,Hugues de Valon,ARM,hug-dev,
,,Ionut Mihalcea,ARM,ionut-arm,
,,Justin Cormack,Docker,justincormack,
,,Paul Howard,ARM,paulhowardarm,
,,Anton Antonov,ARM,anta5010,
,,Gowtham Suresh Kumar,ARM,gowthamsk-arm,
,,Tomás Agustín González Orlando,ARM,tgonzalezorlandoarm,
Sandbox,BFE,Miao Zhang,Baidu,mileszhang2016,https://github.com/bfenetworks/bfe/blob/develop/MAINTAINERS.md
,,Sijie Yang,Baidu,iyangsj,
,,Derek Zheng,Kuaishou,shanhuhai5739,
,,Xiaofei Yu,Baidu,xiaofei0800,
,,Wensi Yang,Baidu,tianxinheihei,
,,Kaiyu Zheng,ByteDance,kaiyuzheng,
,,Xiao Yuqi,163,,
Incubating,Crossplane,Bassam Tabbara,Upbound,bassam,https://github.com/crossplane/crossplane/blob/master/OWNERS.md
,,Nic Cope,Upbound,negz,
,,Jared Watts,Upbound,jbw976,
,,Hasan Turken,Upbound,turkenh,
,,Philippe Scorsolini,Upbound,pisco,
,,Bob Haddleton,Nokia,bobh66,
Incubating,Contour,Steve Kriss,VMware,skriss,https://github.com/projectcontour/community/blob/master/MAINTAINERS.md
,,Steve Sloka,VMware,stevesloka,
,,Alex Xu,VMware,xaleeks,
,,Tero Saarni,Ericsson,tsaarni,
,,Sunjay Bhatia,VMware,sunjayBhatia,
,,Nigel Brown,VMware,pnbrown,
Incubating,Operator Framework: SDK,Eric Stroczynski,Red Hat,estroz,https://github.com/operator-framework/operator-sdk/blob/master/.cncf-maintainers
,,Joe Lanford,Red Hat,joelanford,
,,Ish Shah,Red Hat,theishshah,
,,Camila Macedo,Red Hat,camilamacedo86,
,,Jesus Rodriguez,Red Hat,jmrodri,
,,Austin Macdonald ,Red Hat,asmacdo,
,,Jonathan Berkhahn,IBM,jberkhahn,
,,Fabian von Feilitzsch,Red Hat,fabianvf,
,,Varsha Narsing,Red Hat,varshaprasad96,
,,Rashmi Gottipati,Red Hat,rashmigottipati,
Incubating,Operator Framework: Lifecycle Manager,Evan Cordell,Red Hat,ecordell,https://github.com/operator-framework/operator-lifecycle-manager/blob/master/OWNERS
,,Nick Hale,Red Hat,njhale,
,,Kevin Rizza,Red Hat,kevinrizza,
,,Ben Luddy,Red Hat,benluddy,
,,Alexander Greene,Red Hat,awgreene,
Sandbox,Serverless Workflow Specification,Ricardo Zanini,,ricardozanini,https://github.com/serverlessworkflow/specification/blob/master/OWNERS
,,Tihomir Surdilovic,Temporal Technologies,tsurdilo,
,,Manuel Stein,Nokia Bell Labs,manuelstein,
,,Charles d'Avernas,Neuroglia SPRL,cdavernas,
,,Antonio Mendoza Pérez,,antmendoza,
Incubating,ChaosMesh,Cwen Yin,PingCAP,cwen0,https://github.com/chaos-mesh/chaos-mesh/blob/master/MAINTAINERS.md
,,Keao Yang,PingCAP,YangKeao,
,,Calvin Weng,PingCAP,dcalvin,
,,Hengliang Tan,Xpeng Motors,Gallardot,
,,Zhiqiang Zhou,Individual,STRRL,
,,Yue Yang,EMQ,g1eny0ung,
Sandbox,k3s,Brad Davidson,SUSE,brandond,https://github.com/rancher/k3s/blob/master/MAINTAINERS
,,Brian Downs,SUSE,briandowns,
,,Brooks Newberry,SUSE,brooksn,
,,Chris Wayne,SUSE,cwayne18,
,,Derek Nola,SUSE,dereknola,
,,Matt Trachier,SUSE,mattrach,
,,Hussein Galal,SUSE,galal-hussein,
,,MD Rahman,SUSE,mdrahman-suse,
,,Chris Kim,SUSE,Oats87,
,,Max Ross,SUSE,rancher-max,
,,Shylaja Devadiga,SUSE,ShylajaDevadiga,
,,Manuel Buil,SUSE,manuelbuil,
,,Justin Janes,SUSE,vestigeJ,
,,Thomas Ferrandiz,SUSE,thomasferrandiz,
,,Roberto Bonafiglia,SUSE,rbrtbnfgl,
,,Nikolai Shields,SUSE,nikolaishields,
Incubating,Backstage,Patrik Oldsberg,Spotify,Rugvip,https://github.com/spotify/backstage/blob/master/OWNERS.md
,,Fredrik Adelöw,Spotify,freben,
,,Johan Haals,Spotify,jhaals,
,,Ben Lambert,Spotify,benjdlambert,
,,Niklas Gustavsson,Spotify,protocol7,
,,Dave Zolotusky,Spotify,dzolotusky,
,,Lee Mills,Spotify,leemills83,
,,Himanshu Mishra,Spotify,orkohunter,
,,Tim Hansen,Spotify,timbonicus,
Sandbox,Tremor,Anup Dhamala,Wayfair,anupdhml,https://github.com/tremor-rs/tremor-runtime/blob/main/CODEOWNERS
,,Darach Ennis,Wayfair,darach,
,,Heinz N. Gies,Wayfair,Licenser,
,,Matthias Wahl,Wayfair,mfelsche,
,,Sharon Koech,Individual,skoech,
Sandbox,metal3-io,Andrea Fasano,Red Hat,andfasano,https://github.com/metal3-io/metal3-docs/blob/master/maintainers/ALL-OWNERS
,,Bob Fournier,Red Hat,bfournie,
,,Derek Higgins,Red Hat,derekhiggins,
,,Dmitry Tantsur,Red Hat,dtantsur,
,,Riccardo Pittau,Red Hat,elfosardo,
,,Furkat Gofurov,SUSE,furkatgofurov7,
,,Honza Pokorny,Red Hat,honza,
,,Himanshu Roy,Red Hat,hroyrh,
,,Iury Gregory Melo Ferreira,Red Hat,iurygregory,
,,Kashif Khan,Ericsson Software Technology,kashifest,
,,Lennart Jern,Ericsson Software Technology,lentzi90,
,,Mohammed Boukhalfa,Ericsson Software Technology,mboukhalfa,
,,Adam Rozman,Ericsson Software Technology,Rozzii,
,,Moshiur Rahman,Ericsson Software Technology,smoshiur1237,
,,Tuomo Tanskanen,Ericsson Software Technology,tuminoid,
,,Zane Bitter,Red Hat,zaneb,
Sandbox,Porter,Sarah Christoff,Microsoft,hypernovasunnix,https://github.com/getporter/porter/blob/main/OWNERS.md
,,Jeremy Rickard,VMware,jeremyrickard,
,,Vaughn Dice,Fermyon,vdice,
,,Reddy Prasad,,dev-drprasad,
,,Jennifer Davis,Microsoft,iennae,
,,Yingrong Zhao,Honeycomb,vinozzz,
,,Brian DeGeeter,F5,bdegeeter,
,,Steven Gettys,F5,sgettys,
Sandbox,OpenYurt,Chao Zheng,Alibaba,charleszheng44,https://github.com/alibaba/openyurt/blob/master/OWNERS
,,Fei Guo,Alibaba,Fei-Guo,
,,frank-huangyuqi,Alibaba,huangyuqi,
,,rambohe,Alibaba,rambohe-ch,
Sandbox,Keylime,Luke Hinds,Red Hat,lukehinds,https://github.com/keylime/keylime/blob/master/MAINTAINERS
,,Charlie Munson,MIT,jetwhiz,
,,Nabil Schear,Netflix,nabilschear,
,,Amy Pattanasethanon,,amylily1011,
,,Michael Peters,Red Hat,mpeters,
,,maugustosilva,,maugustosilva,
,,Ivan Font,Red Hat,font,
,,axel simon,Red Hat,axelsimon,
,,Stephen Milner,Red Hat,ashcrow,
Sandbox,SchemaHero ,Marc Campbell ,Replicated,marccampbell,https://github.com/schemahero/schemahero/blob/master/OWNERS.md
,,Dmitriy Ivolgin,Replicated,divolgin,
,,Ethan Mosbaugh,Replicated,emosbaugh,
,,Andrew Lavery,Replicated,laverya,
,,Dan Stough,Replicated,danstough,
,,Salah Aldeen Al Saleh,Replicated,sgalsaleh,
,,Treva Nichole Williams,Replicated,OGtrilliams,
Sandbox ,Cloud Development Kit for Kubernetes (cdk8s),Eli Polonsky,Amazon,iliapolo,https://github.com/cdk8s-team/cdk8s/blob/master/OWNERS.md
,,Vinayak Kukreja,Amazon,vinayak-kukreja,
,,Sumu Pitchayan,Amazon,sumupitchayan,
,,Evgeny Karasik,Amazon,evgenyka,
,,Uday Pant,Amazon,udaypant,
,,Nathan Taber,Amazon,tabern,
Incubating,cert-manager,James Munnelly,Apple,munnerz,https://github.com/jetstack/cert-manager/blob/master/OWNERS
,,Josh Van Leeuwen,Diagrid,joshvanl,
,,Richard Wall,Venafi,wallrj,
,,Jake Sanders,G-Research,jakexks,
,,Ashley Davis,Venafi,SgtCoDFish,
,,Irbe Krumina,Tailscale,irbekrm,
,,Maël Valais,Venafi,maelvls,
,,Tim Ramlot,Venafi,inteon,
Sandbox,OpenKruise,Fei Guo,Alibaba,Fei-Guo,https://github.com/openkruise/kruise/blob/master/MAINTAINERS.md
,,Siyu Wang,Alibaba,FillZpp,
,,Zhen Zhang,Alibaba,furykerry,
,,Robert Everson,Lyft,reverson,
,,Henry Wang,Tencent,henrywangx,
Sandbox,Tinkerbell,Jacob Weinstock,Amazon Web Services,jacobweinstock,https://github.com/tinkerbell/org/blob/main/ADMINS.md
,,Jeremy Tanner,Equinix Metal,jeremytanner,
,,Marques Johansson,Equinix Metal,displague,
,,Matt Anderson,Equinix Metal,matoszz,
Sandbox,Pravega,Flavio Junqueira,Pravega,fpj,https://github.com/pravega/.github/blob/main/MAINTAINERS
,,Tom Kaitchuck,Pravega,tkaitchuck,
,,Derek Moore,Pravega,derekm,
,,Andrei Paduroiu,Amazon,andreipaduroiu,
,,Srikanth Satya,Wheels Up,,
,,Brian Zhou,Dell,crazyzhou,
,,Raul Gracia,Dell,RaulGracia,
Incubating,Kyverno,Jim Bugwadia,Nirmata,JimBugwadia,https://github.com/kyverno/kyverno/blob/main/MAINTAINERS.md
,,Shuting Zhao,Nirmata,realshuting,
,,Chip Zoller,Nirmata,chipzoller,
,,Marcel Muller,Giant Swarm GmbH,MarcelMue,
,,Trey Dockendorf,treydock,Ohio Supercomputer Center,
,,Frank Jogeleit,Lovoo GmbH,fjogeleit ,
Sandbox,OpenGitOps,Chris Patterson,GitHub,chrispat,https://github.com/open-gitops/project/blob/main/MAINTAINERS
,,Chris Sanders,Microsoft,csand-msft,
,,Dan Garfield,CodeFresh,todaywasawesome,
,,Chris Short,Amazon Web Services,chris-short,
,,Leonardo Murillo,Weaveworks,murillodigital,
,,Scott Rigby,Independent,scottrigby,
Sandbox,Piraeus-Datastore,Alex Zheng,DaoCloud,alexzhc,https://github.com/piraeusdatastore/piraeus/blob/master/MAINTAINERS.md
,,Joel Colledge,LINBIT,JoelColledge,
,,Moritz Wanzenböck,LINBIT,WanzenBug,
,,Roland Kammerer,LINBIT,rck,
Sandbox,Curiefense,Tzury Bar Yochay,Reblaze,tzuryby,https://github.com/curiefense/curiefense/blob/master/CODEOWNERS
,,Philippe Biondi,Airbus,phil777,
,,Xavier Mehrenberger,Airbus,xavier-rbz,
,,Aviv Galmidi,Reblaze,Aviv-Galmidi,
,,Spiros Psarris,Reblaze,spiros-reblaze,
Sandbox,Athenz,Henry Avetisyan,Yahoo Inc.,havetisyan,https://github.com/AthenZ/athenz/blob/master/MAINTAINERS
,,Abhijeet Vaidya,Yahoo Inc.,abvaidya,
,,Dvir Guttman,Yahoo Inc.,dvirguttman,
Sandbox,Kube-OVN,Mengxin Liu,Alauda,oilbeater,https://github.com/alauda/kube-ovn/blob/master/MAINTAINERS
,,Hongzhen Ma,Alauda,hongzhen-ma,
,,Yan Zhu ,Alauda,halfcrazy,
,,Zujian Zhang,Alauda,zhangzujian,
,,Riming Fan,China Telecom,fanriming,
,,Tao Liu,Alauda,lut777,
,,Bingbing Zhang,Yealink,bobz965,
Sandbox,skooner,Eric Herbrandson,Indeed,herbrandson,https://github.com/skooner-k8s/skooner/blob/master/MAINTAINERS
,,Arthur Tu,Indeed,tianni4104,
,,Renisha Nellums,Indeed,coffeesippa,
,,Yuqiu Wang,Indeed,yuqiuw,
,,Charlie Gao,Indeed,chargao,
,,Jeff Ng,Indeed,jeffhem,
Sandbox,Distribution,Chris Patterson,GitHub,chrispat,https://github.com/distribution/distribution/blob/main/MAINTAINERS
,,Bryan Clark,GitHub,clarkbw,
,,Hayley Swimelar,Gitlab,deleteriousEffect,
,,He Weiwei,VMware,heww,
,,João Pereira,Gitlab,joaodrp,
,,Justin Cormack,Docker,justincormack,
,,Milos Gajdos,Docker,milosgajdos,
,,Wayne Warren,Digital Ocean,waynr,
,,Wang Yan,VMware,wy65701436,
Sandbox,Fonio,Peter Parkanyi,Redsift,rsdy,https://github.com/foniod/project/blob/main/MAINTAINERS
,,Junyeong Jeong,,rhdxmr,
,,Deepak Prabhakara,Redsift,deepakprabhakara,
Sandbox,Kuberhealthy,Eric Greer,Comcast,integrii,https://github.com/Comcast/kuberhealthy/blob/master/OWNERS
,,Joshulyne Park,Comcast,joshulyne,
,,Jonathan Phan,Comcast,jonnydawg,
Sandbox,k8gb,Donovan Muller,Absa,donovanmuller,https://github.com/AbsaOSS/k8gb/blob/master/CODEOWNERS
,,Dinar Valeev,Absa,k0da,
,,Jiří Kremser,Absa,jkremser,
,,MichalK,Absa,kuritka,
,,Timofey Ilinykh,Absa,somaritane,
,,Yury Tsarev,Absa,ytsarev,
Sandbox,Trickster ,James Ranson,Comcast,jranson,https://github.com/tricksterproxy/trickster/blob/main/MAINTAINERS.md
,,Chris Randles,Comcast,crandles,
,,Adam Ross,Comcast,LimitlessEarth,
,,Julius Volz,Promlabs,juliusv,
Incubating,Emissary-ingress,Aidan Hahn,,aidanhahn,https://github.com/emissary-ingress/emissary/blob/master/MAINTAINERS.md
,,Alex Gervais,Ambassador Labs,alexgervais,
,,Alice Wasko,Ambassador Labs,aliceproxy,
,,Flynn,Buoyant,kflynn,
,,Lance Austin,Ambassador Labs,lanceea,
,,Luke Shumaker,Ambassador Labs,lukeshu,
,,Rafael Schloming,Ambassador Labs,rhs,
Incubating,Cilium,Aditi Ghag,Isovalent,aditighag,https://github.com/cilium/cilium/blob/master/MAINTAINERS.md
,,Alexandre Perrin,Isovalent,kaworu,
,,André Martins,Isovalent,aanm,
,,Beatriz Martínez,Isovalent,b3a-dev,
,,Bill Mulligan,Isovalent,xmulligan,
,,Bruno M. Custódio,Isovalent,bmcustodio,
,,Casey Callendrello,Isovalent,squeed,
,,Chance Zibolski,Isovalent,chancez,
,,Chris Tarazi,Isovalent,christarazi,
,,Daniel Borkmann,Isovalent,borkmann,
,,Dan Wendlandt,Isovalent,danwent,
,,Deepesh Pathak,,fristonio,
,,Dylan Reimerink,Isovalent,dylandreimerink,
,,Eloy Coto,Red Hat,eloycoto,
,,Gilberto Bertin,Isovalent,jibi,
,,Glib Smaga,Isovalent,glibsm,
,,Hemanth Malla,Datadog,hemanthmalla,
,,Ian Vernon,,ianvernon,
,,Jarno Rajahalme,Isovalent,jrajahalme,
,,Joe Stringer,Isovalent,joestringer,
,,John Fastabend,Isovalent,jrfastab,
,,Julian Wiedmann,Isovalent,julianwiedmann,
,,Jussi Mäki,Isovalent,joamaki,
,,Kornilios Kourtis,Isovalent,kkourt,
,,Laurent Bernaille,Datadog,lbernail,
,,Liz Rice,Isovalent,lizrice,
,,Lorenz Bauer,Isovalent,lmb,
,,Louis DeLosSantos,Isovalent,ldelossa,
,,Maciej Kwiek,Isovalent,nebril,
,,Martynas Pumputis,Isovalent,brb,
,,Michal Rostecki,SUSE,vadorovsky,
,,Michi Mutsuzaki,Isovalent,michi-covalent,
,,Natália Réka Ivánkó,Isovalent,sharlns,
,,Nathan Sweet,Isovalent,nathanjsweet,
,,Nick Young,Isovalent,youngnick,
,,Nicolas Busseneau,Isovalent,nbusseneau,
,,Nirmoy Das,AMD,nirmoy,
,,Paul Chaignon,Isovalent,pchaigno,
,,Quentin Monnet,Isovalent,qmonnet,
,,Robin Hahling,Isovalent,rolinh,
,,Sebastian Wicki,Isovalent,gandro,
,,Tam Mach,Zendesk,sayboras,
,,Thomas Graf,Isovalent,tgraf,
,,Timo Beckers,Isovalent,ti-mo,
,,Tobias Klauser,Isovalent,tklauser,
,,Tom Hadlaw,Isovalent,tommyp1ckles,
,,Vlad Ungureanu,Palantir,ungureanuvladvictor,
,,Weilong Cui,Google,Weil0ng,
,,Yongkun Gui,Google,anfernee,
Sandbox,Vineyard,Tao He,Alibaba,sighingnow,https://github.com/alibaba/v6d/blob/main/MAINTAINERS.md
,,Xiaojian Luo,Alibaba,luoxiaojian,
,,Wenyuan Yu,Alibaba,wenyuanyu,
,,Weibin Zeng,Alibaba,acezen,
,,Siyuan Zhang,Alibaba,siyuan0322,
,,Diwen Zhu,Alibaba,andydiwenzhu,
Sandbox,WasmEdge Runtime,Michael Yuan,Second State,juntao,https://github.com/WasmEdge/WasmEdge/blob/master/doc/OWNER.md
,,Hung-Ying Tai,Second State,hydai,
,,Yi-Ying He,Second State,q82419,
,,Shen-Ta Hsieh(BestSteve),Second State,ibmibmibm,
Sandbox,ChaosBlade,Changjun_Xiao,Alibaba,xcaspar,https://github.com/chaosblade-io/chaosblade/blob/master/MAINTAINERS.md
,,Camix,Alibaba,MandssS,
,,Fei_Ye,Individual,tiny-x,
,,Xudong_Guo,JiHu(GitLab),sunny0826,
Sandbox,Fluid,Rong Gu,Nanjing University,RongGu,https://github.com/fluid-cloudnative/fluid/blob/master/MAINTAINERS.md
,,Yang Che,Alibaba,cheyang,
,,Bin Fan,Alluxio,apc999,
,,Zhihao Xu,Nanjing University,TrafalgarZZZ,
,,Kai Zhang,Alibaba,wsxiaozhang,
Sandbox,Submariner,Miguel Angel Ajo Pelayo,Red Hat,mangelajo,https://github.com/submariner-io/submariner/blob/devel/CODEOWNERS.in
,,Chris Kim,Rancher Labs,Oats87,
,,Stephen Kitt,Red Hat,skitt,
,,Thomas Pantelis,Red Hat,tpantelis,
,,Mike Kolesnik,Red Hat,mkolesnik,
,,Sridhar Gaddam,Red Hat,sridhargaddam ,
Sandbox,Antrea,Antonin Bas,VMware,antoninbas,https://github.com/vmware-tanzu/antrea/blob/main/MAINTAINERS.md
,,Jianjun Shen,VMware,jianjuns,
,,Quan Tian,VMware,tnqn,
,,Salvatore Orlando,VMware,salv-orlando,
Sandbox,Pixie,Michelle Nguyen,Pixie Labs,aimichelle,https://github.com/pixie-labs/pixie/blob/main/OWNERS
,,Vihang Mehta,Pixie Labs,vihangm,
,,Zain Asgar,Pixie Labs,zasgar,
Sandbox,Meshery,Lee Calcote,Layer5,leecalcote,https://github.com/meshery/meshery/blob/master/MAINTAINERS.md
,,Abishek Kumar,Layer5,kumarabd,
,,Navendu Pottekkat,Layer5,navendu-pottekkat,
,,Hussaina Begum,VMware,hexxdump,
,,Nikhil Ladha,Red Hat,Nikhil-Ladha,
,,Dhruv Patel,Layer5,dhruv0000,
,,Aisuko,Layer5,Aisuko,
,,Michael Gfeller,Computas AS,mgfeller,
,,Haim Helman,VMware,thehh1974,
,,Dhiraj Gedam,Citrix,dheerajng,
,,Rodolfo Martínez Vega,Rackspace,ramrodo,
,,Adithya Krishna,Red Hat,adithyaakrishna,
,,Utkarsh Srivastava,Layer5,utkarsh-pro,
Sandbox,Service Mesh Performance,Lee Calcote,Layer5,leecalcote,https://github.com/service-mesh-performance/service-mesh-performance/blob/master/MAINTAINERS.md
,,Otto van der Schaaf,Red Hat,oschaaf,
,,Nicholas Jackson,Hashicorp,nicholasjackson,
,,Sunku Ranganath,Intel,sunkuranganath,
,,Utkarsh Srivastava,Layer5,utkarsh-pro,
,,Abishek Kumar,Layer5,kumarabd,
,,Navendu Pottekkat,Layer5,navendu-pottekkat,
Incubating,KubeVela,Jianbo Sun,Alibaba,wonderflow,https://github.com/kubevela/community/blob/main/OWNERS.md
,,Zheng Xi Zhou,Independent,zzxwill,
,,guoxudong,GitLab,sunny0826,
,,Qingguo Zeng,Alibaba,barnettZQG,
,,Da Yin,Alibaba,Somefive,
,,Jiahang Xu,China Merchants Bank,jefree-cat,
,,Daniel Higuero,Napptive,dhiguero,
,,Anoop Gopalakrishnan,Guidewire,anoop2811,
,,Fog Dong,BentoML,FogDong,
,,Lei Zhang,JD.com,StevenLeiZhang,
,,Qiao Zhongpei,Alibaba,chivalryq,
Sandbox,Serverless Devs,Anycodes,National University of Defense Technology,anycodes,https://github.com/Serverless-Devs/Serverless-Devs/blob/master/OWNERS
,,Kun Yuan,Alibaba Cloud,heimanba,
,,Shoushuai Wang,Boyan,wss-git,
,,Renda Wang,Alibaba Cloud,lowkeyrd ,
,,Huali Shi,Boyan,xsahxl,
,,Qing Wang,Alibaba Cloud,hanxie-crypto,
,,Song Luo,Alibaba Cloud,rsonghuster,
,,Chao Deng,,DevDengChao,
,,Haoran Yang,Alibaba Cloud,hryang,
Sandbox,kube-vip,Daniel Finneran,Packethost,thebsdbox,https://github.com/kube-vip/kube-vip/blob/main/CODEOWNERS
,,Yassine TIJANI,VMware,yastij,
Sandbox,KubeDL,Jian He,,jian-he,https://github.com/alibaba/kubedl/blob/master/OWNERS
,,Luping Wang,,lwangbm,
,,Lingyun Yang,,mental2008,
,,Qiukai Chen,,SimonCqk,
,,Cheng Zhang,,tzzcfrank,
,,Yinghao Yu,,yhalpha,
Sandbox,Krustlet,Taylor Thomas,Microsoft,thomastaylor312,https://github.com/deislabs/krustlet/blob/main/CODEOWNERS
,,Matt Fisher,Microsoft,bacongobbler,
,,Kevin Flansburg,,kflansburg,
,,Matt Butcher,Microsoft,technosophos,
Sandbox,Krator,Taylor Thomas,Microsoft,thomastaylor312,https://github.com/krator-rs/krator/blob/main/CODEOWNERS
,,Matt Fisher,Microsoft,bacongobbler,
,,Kevin Flansburg,,kflansburg,
,,Matt Butcher,Microsoft,technosophos,
Sandbox,ORAS (OCI Registry as Storage),Andrew Block,Red Hat,sabre1041,https://github.com/oras-project/community/blob/main/OWNERS.md
,,Sajay Antony,Microsoft,sajayantony,
,,Shiwei Zhang,Microsoft,shizhMSFT,
,,Terry Howe,AWS,TerryHowe,
Sandbox,wasmCloud,Brooks Townsend,Capital One,brooksmtownsend,https://github.com/wasmCloud/wasmCloud/blob/main/OWNERS
,,Liam Randall,Cosmonic,liamrandall,
,,Kevin Hoffman,wasmCloud,autodidaddict,
Sandbox,Akri,Kate Goldenring,Fermyon,kate-goldenring,https://github.com/project-akri/akri/blob/main/CODEOWNERS
,,Brian Fjeldstad,Microsoft,bfjelds,
,,Roaa Sakr,Microsoft,romoh,
,,Jiri Appl,Microsoft,jiria,
,,Edrick Wong,Amazon,edrickwong,
,,Adithya Jayachandran,Microsoft,adithyaj,
,,Nicolas Belouin,SUSE,diconico07,
,,Johnson Shih,Microsoft,johnsonshih,
,,Yu Jin Kim,Microsoft,yujinkim-msft,
Sandbox,MetalLB,Federico Paolinelli,Red Hat,fedepaol,https://github.com/metallb/metallb/blob/main/CODEOWNERS
,,Russell Bryant,Red Hat,russellb,
Sandbox,Inclavare Containers,Jia Zhang,Alibaba,jiazhang0,https://github.com/alibaba/inclavare-containers/blob/master/MAINTAINERS.md
,,Liang Yang,Intel,YangLiang3,
Sandbox,SuperEdge,Gerald Wang,Tencent,neweyes,https://github.com/superedge/superedge/blob/main/MAINTAINERS.md
,,Attlee Wang,Tencent,attlee-wang,
,,Fighting Du,Linklogis,duyanghao,
,,Kaiyue Chen,Tencent,chenkaiyue,
,,Random Cheng,Tsinghua Unigroup,Beckham007,
,,Fee Li,Tencent,00pf00,
,,Shubiao Yao,Sina,shubiao-yao,
,,Yiwei Chen,Tencent,yiwei-C,
,,Wenhu Wang,ZTO,wenhuwang,
,,Roy Liang,Tencent,lianghao208,
Sandbox,Karmada,Kevin Wang,Huawei,kevin-wangzefeng,https://github.com/karmada-io/karmada/blob/master/MAINTAINERS.md
,,Hanbo Li,Huawei,mrlihanbo,
,,Hongcai Ren,Huawei,RainbowMango,
,,Lei Xue,Tencent,carmark,
,,Shiyi Xie,Huawei,GitHubxsy,
,,Yifan Shen,ICBC,zoroyouxi,
,,Yiheng Ci,VIPKID,lfbear,
Sandbox,Open Cluster Management,Qiu Jian,Red Hat,qiujian16,https://github.com/open-cluster-management-io/community/blob/main/OWNERS
,,Joshua Packer,Red Hat,jnpacker,
,,David Eads,Red Hat,deads2k,
,,Mike Ng,Red Hat,mikeshng,
,,Min Kim,Ant Group,yue9944882,
,,Yong Feng,Alibaba,luckyfengyong,
Incubating,Dapr,Yaron Schneider,Diagrid,yaron2 ,https://github.com/dapr/community/blob/master/MAINTAINERS.md
,,Mark Fussell,Diagrid,msfussell,
,,Long Dai,Intel,daixiang0,
,,Xavier Geerinck,Signalr.io,XavierGeerinck,
,,Rob Landers,Automattic,withinboredom,
,,Artur Souza,Diagrid,artursouza,
,,Mukundan Sundararajan,Microsoft,mukundansundar,
,,Amulya Varote, Microsoft,amulyavarote,
,,Nick Greenfield,Microsoft,greenie-msft,
,,Bernd Verst,Microsoft,berndverst,
,,Hal Spang,Microsoft,halspang,
,,Shubham Sharma,Microsoft,shubham1172,
,,Paul Yuknewicz,Microsoft,paulyuk,
,,Hanna Hunter,Microsoft,@hhunter-ms,
,,Alessandro Segala,Microsoft,ItalyPaleAle,
,,Ryan Nowak, Microsoft,rynowak,
,,Marc Duiker,Diagrid,marcduiker,
,,Nyemade Uverski,Microsoft,nyemade-uversky,
Sandbox,Nocalhost,Zhenwei Wang,Tencent,jack230230,https://github.com/nocalhost/nocalhost/blob/main/MAINTAINERS.md
,,Wei Wang,Tencent,lyzhang1999,
,,Jinhao Huang,Tencent,anurnomeru,
,,Xinxin Huang,Tencent,xinxinh2020,
,,Yicai Yu,Tencent,yuyicai,
,,Caiwen Feng,Tencent,wencaiwulue,
,,Jinming Guo,,vgjm,
,,Hongchao Deng,Alibaba,hongchaodeng,
Sandbox,K8up,Tobias Brunner,VSHN AG,tobru,https://github.com/k8up-io/k8up/blob/master/CODEOWNERS
,,Simon Beck,VSHN AG,Kidswiss,
,,Christian Cremer,VSHN AG,ccremer,
,,Christian Häusler,,corvus-ch,
Sandbox,KubeArmor,Rahul Jadhav,AccuKnox,nyrahul,https://github.com/kubearmor/KubeArmor/blob/main/MAINTAINERS.md
,,Achref Ben Saad,AccuKnox,achrefbensaad,
,,Ankur Kothiwal,AccuKnox,Ankurk99,
,,Anurag Kumar,,kranurag7,
,,Barun Acharya,AccuKnox,daemon1024,
,,Jaehyun Nam,AccuKnox,nam-jaehyun,
Sandbox,kube-rs,Eirik Albrigtsen,TrueLayer,clux,https://github.com/kube-rs/.github/blob/main/maintainers.md
,,Teo Klestrup Röijezon,Stackable,teozkr,
,,Kaz Yoshihara,Qualified,kazk,
Sandbox,OpenELB,Feynman Zhou,QingCloud,FeynmanZhou,https://github.com/kubesphere/openelb/blob/master/OWNERS
,,Zhengyi Lai,QingCloud,zheng1,
,,Patrick Luo,QingCloud,Patrick-LuoYu,
,,Yuanpeng Liang,Yunhorn,liangyuanpeng,
,,Xingyan Jiang,Uxsino,chaunceyjiang,
Sandbox,Visual Studio Code Kubernetes Tools,Ivan Towlson,Fermyon,itowlson,https://github.com/vscode-kubernetes-tools/vscode-kubernetes-tools/blob/master/OWNERS.md
,,Luca Stocchi,Red Hat,lstocchi,
,,Bhargav Nookala,Microsoft,bnookala,
Sandbox,Devfile,Andreas Resios,AWS,resios, https://github.com/devfile/api/blob/master/MAINTAINERS.md
,,Angel Misevski,Red Hat,amisevsk,
,,Elson Yuen,Red Hat,elsony,
,,Ida Olsen,AWS,miaida,
,,Stevan Le Meur,Red Hat,slemeur,
,,Tomas Kral,Red Hat,kadel,
Incubating,Knative,Carlos Santana,AWS,csantanapr, https://github.com/knative/community/blob/main/OWNERS_ALIASES
,,Lance Ball,Red Hat,lance,
,,Adolfo García Veytia,Chainguard,puerco,
,,Naina Singh,Red Hat,nainaz,
,,Mauricio Salatino,Diagrid,salaboy,
,,Dave Protasowski,VMware,dprotaso,
,,Evan Anderson,VMware,evankanderson,
,,David Simansky,Red Hat,dsimansk,
,,Zbynek Roubalik,Red Hat,zroubalik,
,,Paul Schweigert,IBM,psschwei,
Sandbox,FabEdge,Haotao Geng,BoCloud,haotaogeng,https://github.com/FabEdge/fabedge/blob/main/MAINTAINERS.md
,,Jianbo Yan,BoCloud,yanjianbo1983,
Sandbox,sealer,Haitao Fang,Alibaba Group,fanux,https://github.com/alibaba/sealer/blob/main/MAINTAINERS.md
,,Hongliang Sun,Alibaba Group,allencloud,
,,Jiahui Huai,Boyan,bxy4543,
,,Lei Zhou,Boyan,kakaZhou719,
,,Jinrui Cui,Realai,cuisongliu,
,,Jiangnan Bao,ZheJiang University,justadogistaken,
,,Zhaodan Zhou,Iflytek,jmpcyc,
,,Xun Wang,ZhengcaiCloud,lllwan,
,,Vince Cui,Alibaba Group,vincecui,
Sandbox,OpenFunction,Benjamin Huo,QingCloud,benjaminhuo,https://github.com/OpenFunction/OpenFunction/blob/main/OWNERS
,,Feynman Zhou,QingCloud,FeynmanZhou,
,,Wanjun Lei,QingCloud,wanjunlei,
,,Tian Fang,StreamNative,tpiperatgod,
,,Yifei Wang,QingCloud,wrongerror,
,,Lei Tang,QingCloud,wentevill,
,,Wei Zhang,,arugal,
,,Kehui Li,UISEE,kehuili,
,,Haili Zhang,UISEE,webup,
,,Lize Cai,SAP,lizzzcai,
,,Dehao Cheng,QingCloud,wenchajun,
,,Shanyou Zhang,Weyhd,geffzhang,
Sandbox,Confidential Containers,Ariel Adam,Red Hat,ariel-adam,https://github.com/confidential-containers/confidential-containers/blob/main/governance.md#members
,,Pradipta Banerjee,Red Hat,bpradipt,
,,Zhang Jia,Alibaba,jiazhang0,
,,Jiang Liu,Alibaba,jiangliu,
,,Larry Dewey,AMD,larrydewey,
,,Tobin Feldman-Fitzthum,IBM,fitzthum,
,,James Magowan,IBM,magowan,
,,Fabiano Fidêncio,Intel,fidencio,
,,Peter Zhu,Intel,peterzcst,
,,Samuel Ortiz,Rivos,sameo,
,,Ananya Garg,Microsoft,angarg05,
,,Vincent Batts,Microsoft,vbatts,
,,Zvonko Kaisere,NVIDIA,zvonkok,
Sandbox,Teller,Dotan Nahum,Check Point,jondot,https://github.com/SpectralOps/teller/blob/master/MAINTAINERS.md
,,Elad Kaplan,Check Point,kaplanelad,
,,Lior Reuven,Check Point,lreuven,
Sandbox,Aeraki Mesh,Huabing Zhao,Tencent,zhaohuabing,https://github.com/aeraki-mesh/aeraki/blob/master/MAINTAINERS.md
,,huanghuangzym,Alauda,huanghuangzym,
,,smwyzi,Baidu,smwyzi,
,,ESTLing,Tencent Music,ESTLing,
,,Sad-polar-bear,BOSS Zhipin,Sad-polar-bear,
,,Xunzhuo,Tencent,Xunzhuo,
Sandbox,DevStream,Tiexin Guo,Merico,IronCore864,https://github.com/devstream-io/devstream/blob/main/MAINTAINERS.md
,,Daniel Hu,Merico,Daniel-hutao,
Sandbox,Curve,Pan WANG,NetEase,aspirer,https://github.com/opencurve/curve/blob/master/MAINTAINERS.md
,,XiaoCui Li,NetEase,ilixiaocui,
,,opencurveadmin,opencurveadmin,NetEase,
Sandbox,Clusterpedia,Iceber Gu,DaoCloud,Iceber,https://github.com/clusterpedia-io/clusterpedia/blob/main/MAINTAINERS.md
,,Calvin Chen,DaoCloud,calvin0327,
,,Yingjun Wu,China Mobile Cloud,wuyingjun-lucky,
Sandbox,OpenFeature,Alex Jones,Canonical,AlexsJones,https://github.com/open-feature/community/blob/main/governance-charter.md#governing-committee
,,Alois Reitbauer,Dynatrace,aloisreitbauer,
,,Ben Rometsch,Flagsmith,dabeeeenster,
,,Dan O'Brien,LaunchDarkly,intheclouddan,
,,David Hirsch,Dynatrace,DavidPHirsch,
,,Justin Abrahms,eBay,justinabrahms,
,,Michael Beemer,Dynatrace,beeme1mr,
,,Pete Hodgson,Independent,moredip,
,,Steve Arch,CloudBees,agentgonzo,
,,Todd Baert,Dynatrace,toddbaert,
Sandbox,OpenCost,Ajay Tripathy,Kubecost,AjayTripathy,https://github.com/kubecost/opencost/blob/develop/MAINTAINERS.md
,,Matt Bolt,Kubecost,mbolt35,
,,Michael Dresser,Kubecost,michaelmdresser,
,,Niko Kovacevic,Kubecost,nikovacevic,
,,Sean Holcomb,Kubecost,Sean-Holcomb,
,,Matt Ray,Kubecost,mattray,
Sandbox,External Secrets Operator,Moritz Johner,Form3,moolen,https://github.com/external-secrets/external-secrets/blob/main/.github/PAUL.yaml
,,Lucas Severo Alves,Red Hat,knelasevero,
,,Gustavo Fernandes de Carvalho,Container Solutions,gusfcarvalho,
,,Sebastian Gomez,Ubisoft,sebagomez,
,,Shuhei Kitagawa,Mercari,shuheiktgw,
,,Gergely Brautigam,Weaveworks,skarlso,
,,Idan Adar,IBM,IdanAdar,
Sandbox,ko,Jason Hall,Chainguard,imjasonh,https://github.com/ko-build/ko/blob/main/MAINTAINERS.md
,,Jon Johnson,Google,jonjohnsonjr,
,,Matt Moore,Chainguard,mattmoor,
Sandbox,Konveyor,John Matthews,Red Hat,jwmatthews,https://github.com/konveyor/community/blob/main/MAINTAINERS.md
,,Jonathan Recinos,Red Hat,JonathanR19,
,,Ramon Roman Nissen,Red Hat,rromannissen,
,,Savitha Raghunathan,Red Hat,savitharaghunathan,
,,Tam Nguyen,Red Hat,tamintheclouds,
,,Todd Sanders,Red Hat,tsanders-rh,
Sandbox,Hexa Policy Orchestrator,Gerry Gebel,Strata Identity,ggebel,https://github.com/hexa-org/policy-orchestrator/blob/main/MAINTAINERS.md
,,Eric Olden,Strata Identity,identitynerd,
,,Phil Hunt,Independent Identity,independentid,
,,Mike Barinek, Initial Capacity, barinek,
,,Hunter Gillane, Initial Capacity, gnarargs,
,,Tyson Gern, Initial Capacity, tygern,
,,Damien Le Berrigaud, Initial Capacity, dam5s,
Sandbox,Kured,Christian Kotzbauer,nerdware,ckotzbauer,https://github.com/weaveworks/kured/blob/main/MAINTAINERS
,,Daniel Holbach,Independent,dholbach,
,,Hidde Beydals,Weaveworks,hiddeco,
,,Jean-Philippe Evrard,TLaaS,evrardjp,
,,Jack Francis,Microsoft,jackfrancis,
Sandbox, OpenFGA, Adrian Tam, Okta, adriantam, https://github.com/openfga/community/blob/main/MAINTAINERS
,,Andres Aguiar, Okta, aaguiarz,
,,Craig Pastro, Okta, craigpastro,
,,Damian Schenkelman, Okta, dschenkelman,
,,Jakub Hertyk, Okta, curfew-marathon,
,,Jonathan Whitaker, Okta, jon-whit,
,,Maria Ines Parnisari, Okta, miparnisari,
,,Mat Dupont, Okta, matldupont,
,,Matthew Pereira, Okta, matthewpereira,
,,Raghd Hamzeh, Okta, rhamzeh,
,,Yamil Asusta, Okta, elbuo8,
Sandbox, Lima, Akihiro Suda, NTT, AkihiroSuda, https://github.com/lima-vm/lima/blob/master/MAINTAINERS.md
,,Jan Dubois, SUSE, jandubois,
,,Anders F Björklund, Individual, afbjorklund,
,,Balaji Vijayakumar, Thoughtworks, balajiv113,
Sandbox, ContainerSSH, Janos Bonic, Red Hat, janosdebugs, https://github.com/orgs/ContainerSSH/people
,, Sanja Bonic, Red Hat, sanjacodes,
,, Bence Santha, Axon Produkt Ltd, bencurio,
,, Nikos Tsipinakis, CERN, tsipinakis,
Sandbox,kubewarden,Flavio Castelli,SUSE,flavio,https://github.com/orgs/kubewarden/teams/maintainers/members
,,José Guilherme Vanz,SUSE,jvanz,
,,Víctor Cuadrado Juan ,SUSE,viccuad,
,,Raul Cabello Martin r,SUSE,raulcabello,
,,Rafael Fernández López ,VMware,ereslibre,
,,Olivier Vernin,SUSE,olblak,
Graduated,Istio: Steering Committee,Ameer Abbas,Google,ameer00,https://github.com/istio/community/tree/master/steering#members
,,Craig Box,Solo.io,craigbox,
,,Rob Cernich,Red Hat,rcernich,
,,Iris (Shaojun) Ding,Intel,irisdingbj,
,,Cameron Etezadi,Google,cetezadi,
,,Chaomeng Zhang,Huawei,idouba,
,,John Howard,Google,howardjohn,
,,Faseela K,Ericsson Software Technology,kfaseela,
,,April Kyle Nassi,Google,thisisnotapril,
,,Justin Pettit,Google,justinpettit,
,,Christian Posta,Solo.io,christian-posta,
,,Cale Rath,IBM,ctrath,
,,Zhonghu Xu,Huawei,hzxuzhonghu,
,Istio: Technical Oversight Committee,Mitch Connors,Aviatrix,therealmitchconnors,https://github.com/istio/community/blob/master/TECH-OVERSIGHT-COMMITTEE.md#committee-members
,,John Howard,Google,howardjohn,
,,Neeraj Poddar,Solo.io,nrjpoddar,
,,Louis Ryan,Solo.io,louiscryan,
,,Lin Sun,Solo.io,linsun,
,,Eric Van Norman,IBM,ericvn,
,Istio: Working Group Leads,Rama Chavali,Salesforce,ramaraochavali,https://github.com/istio/community/blob/master/WORKING-GROUPS.md#working-group-leads
,,Jacob Delgado,F5,jacob-delgado,
,,Steven Landow,Solo.io,stevenctl,
,,Lei Tang,Google,lei-tang,
,,Shankar Ganesan,Google,shankgan,
,,Costin Manolache,Google,costinm,
,,Sam Naser,Aviatrix,Monkeyanator,
,,Ed Snible,IBM,esnible,
,,Limin Wang,Google,liminw,
,,Lizan Zhou,Aviatrix,lizan,
,,Greg Hanson,Solo.io,GregHanson,
,,Jianpeng He,Tetrate,zirain,
,Istio: Maintainers,Aditya Prerepa,Aviatrix,adiprerepa,https://github.com/istio/community/blob/master/org/teams.yaml
,,Amit Jain,VMWare,amjain-vmware,
,,Andrea Ma,IBM,andream12345,
,,Aryan Gupta,Google,aryan16,
,,Pengyuan Bian,Clickhouse,bianpengyuan,
,,Chao Dai,Google,chaodaig,
,,Sean Chase,Google,chases2,
,,Cole Wagner,Google,cjwagner,
,,David Hauck,Google,davidhauck,
,,Daniel Grimm,Red Hat,dgn,
,,Daniel Hawton,Solo.io,dhawton,
,,Didier Grelin,Google,didier-grelin,
,,Faseela K,Ericsson Software Technology,kfaseela,
,,Frank Budinsky,IBM,frankbu,
,,Xiaopeng Han,DaoCloud,hanxiaop,
,,Zhonghu Xu,Huawei,hzxuzhonghu,
,,Jianfei Hu,Clickhouse,incfly,
,,Jackie Elliott,Microsoft,jaellio,
,,Jimmy Chen,Google,JimmyCYJ,
,,Josh Tischer,F5,jjtischer,
,,John A Joyce,Cisco,john-a-joyce,
,,Mariam John,IBM,johnma14,
,,Justin Pettit,Google,justinpettit,
,,Jonh Wendell,Red Hat,jwendell,
,,Kebe Liu,DaoCloud,kebe7jun,
,,Keith Mattix,Microsoft,keithmattix,
,,Kuat Yessenov,Google,kyessenov,
,,Yuchen Dai,Uber,lambdai,
,,Laurence Gadban,Solo.io,lgadban,
,,Linus Arver,Google,listx,
,,Tong Li,IBM,litong01,
,,Mandar Jog,Aviatrix,mandarjog,
,,Morven Cao,Red Hat,morvencao,
,,Xin Li,DaoCloud,my-git9,
,,Oliver Liu,Google,myidpt,
,,Nathan Mittler,Aviatrix,nmittler,
,,Martin Ostrowski,Aviatrix,ostromart,
,,Paul Merrison,Tetrate,pmerrison,
,,Xinnan Wen,Google,richardwxn,
,,Jimmy Song,Tetrate,rootsongjc,
,,Ram Vennam,Solo.io,rvennam,
,,Stewart Butler,Aviatrix,stewartbutler,
,,Haifeng Yao,DaoCloud,windsonsea,
,,Wilson Wu,DaoCloud,wilsonwu,
,,Xunzhuo Liu,Tencent,Xunzhuo,
,,Yangmin Zhu,Uber,yangminzhu,
,,Steve Zhang,Intel,zhlsunshine,
Sandbox,Armada,Alex Scammon,G-Research,stackedsax,https://github.com/G-Research/armada/blob/master/MAINTAINERS.md
,,Jamie Poole,G-Research,jimbobby5,
,,Dave Gantenbein,G-Research,dave-gantenbein,
,,Caterina Rindi,G-Research,c-rindi,
,,Kevin Hannon,G-Research,kannon92,
,,Rich Scott,G-Research,richscott,
,,Chris Martin,G-Research,d80tb7,
,,Albin Severinson,G-Research,severinson,
,,Dejan Zele Pejchev,G-Research,dejanzele,
,,Geoffrey Wilson,G-Research,suprjinx,
Sandbox,Carvel,Dmitriy Kalinin,VMware,cppforlife, https://github.com/carvel-dev/carvel/blob/develop/MAINTAINERS.md
,,João Pereira,VMware,joaopapereira,
,,John Brunton,converge.io,jbrunton,
,,John Ryan,VMware,jtigger,
,,Kumari Tanushree,VMware,kumaritanushree,
,,Nanci Lancaster,VMware,microwavables,
,,Neil Hickey,VMware,neil-hickey,
,,Praveen Rewar,VMware,praveenrewar,
,,Renu Yarday,VMware,renuy,
,,Rohit Aggarwal,VMware,rohitagg2020,
,,Soumik Majumder,VMware,100mik,
,,Varsha Munishwar,VMware,vmunishwar,
,,Yash Sethiya,VMware,sethiyash,
Sandbox,HwameiStor,Liang Sun,DaoCloud,sun7927,https://github.com/hwameistor/hwameistor/blob/main/MAINTAINERS.md
,,MingMing Zhou,DaoCloud,SSmallMonster,
,,buffalo1024,DaoCloud,buffalo1024,
,,Kay Yan,DaoCloud,yankay,
,,A_tian,DaoCloud,FloatXD,
,,EchoS,DaoCloud,zhaosimon,
,,Michael Yao,DaoCloud,windsonsea,
Sandbox,Merbridge,Kebe Liu,DaoCloud,kebe7jun,https://github.com/merbridge/merbridge/blob/main/MAINTAINERS.md
,,Wenqing Dai,Zhejiang University,dddddai,
,,Xunzhuo Liu,Tencent,Xunzhuo,
,,Xiaopeng Han,DaoCloud,hanxiaop,
,,Bart Smykla,Kong,bartsmykla,
,,Kay Yan,DaoCloud,yankay,
,,Michael Yao,DaoCloud,windsonsea,
,,Nicole Li,DaoCloud,nicole-lihui,
,,Yu Xing Zeng,Alibaba Cloud,zengyuxing007,
Sandbox,Kubescape,Bezalel Brandwine,ARMO,Bezbran,https://github.com/kubescape/kubescape/blob/master/MAINTAINERS.md#maintainers
,,Craig Box,ARMO,craigbox,
,,David Wertenteil,ARMO,dwertent,
,,Rotem Refael,ARMO,rotemamsa,
,,Ben Hirschberg,ARMO,slashben,
Sandbox,Carina,Zhenhua Zhang,BoCloud,ZhangZhenhua,https://github.com/carina-io/carina/blob/main/MAINTAINERS.md
,,Shaosong Fu,Bocloud,antmoveh,
Sandbox,Paralus,Avinash Varma Penmetsa,Rafay,avinashpenmetsa,https://github.com/paralus/paralus/blob/main/MAINTAINERS.md
,,Benny Stephan,Rafay,sbenny,
,,Elena Lape,Rafay,elenalape,
,,Saim Safdar,Rafay,Saim-Safdar,
,,Venu Krishna,Rafay,venukrishna,
,,Abin Simon,InfraCloud,meain,
,,Akshay Gaikwad,InfraCloud,akshay196,
,,Atulpriya Sharma,InfraCloud,techmaharaj,
,,Nirav Parikh,InfraCloud,niravparikh05,
Sandbox,OPCR,Gert Drapers,Aserto,gertd,https://github.com/opcr-io/policy/blob/main/MAINTAINERS.md
,,Daniel Carabas,Aserto,carabasdaniel,
,,Omri Gazitt,Aserto,ogazitt,
,,Florin Dragos,Aserto,florindragos,
,,Gheorghe Popescu,Aserto,gimmyxd,
,,Oana Tanasoiu,Aserto,oanatmaria,
,,Andrew Poland,Aserto,apoland,
,,Noa Shavit,Aserto,noashavit,
Sandbox,werf,Alexey Igrychev,Palark,alexey-igrychev,https://github.com/werf/werf/blob/main/OWNERS
,,Timofey Kirillov,Flant,distorhead,
,,Ilya Lesikov,Flant,ilya-lesikov,
Sandbox,zot,Ravi Chamarthy,Cisco,rchamarthy,https://github.com/project-zot/zot/blob/main/MAINTAINERS.md
,,Ram Chinchani,Cisco,rchincha,
,,Serge Hallyn,Cisco,hallyn,
,,Andrei Aaron,Luxoft,andaaron,
,,Tycho Andersen,Netflix,tych0,
Sandbox,DevSpace,Fabian Kramm,Loft Labs,FabianKramm,https://github.com/devspace-sh/devspace/blob/main/MAINTAINERS.md
,,Lukas Gentele,Loft Labs,LukasGentele,
,,Russell Centanni,Loft Labs,lizardruss,
Sandbox,Clusternet,Di Xu,Tencent,dixudx,https://github.com/clusternet/clusternet/blob/main/MAINTAINERS.md
,,Garry Fang,Tencent,Garrybest,
,,Huifeng Le,Intel,hle2,
,,Lingming Xia,Purple Mountain Laboratory,lmxia,
,,Yiwei Chen,Independent,yiwei-C,
Incubating,Keycloak,Stian Thorgersen,Red Hat,stianst,https://github.com/keycloak/keycloak/blob/main/MAINTAINERS.md
,,Alexander Schwartz,Red Hat,ahus1,
,,Bruno Oliveira da Silva,Red Hat,abstractj,
,,Hynek Mlnařík,Red Hat,hmlnarik,
,,Marek Posolda,Red Hat,mposolda,
,,Michal Hajas,Red Hat,mhajas,
,,Pavel Drozd,Red Hat,pdrozd,
,,Pedro Igor,Red Hat,pedroigor,
,,Sebastian Schuster,Bosch,sschu,
,,Stan Silvert,Red Hat,ssilvert,
,,Takashi Norimatsu,Hitachi,tnorimat,
,,Thomas Darimont,codecentric AG,thomasdarimont,
,,Václav Muzikář,Red Hat,vmuzikar,
Sandbox,Kepler,Huamin Chen,Red Hat,rootfs,https://github.com/sustainable-computing-io/kepler/blob/main/MAINTAINERS.md
,,Ji Chen,IBM,jichenjc,
,,Parul Singh,Red Hat,husky-parul,
,,Kaiyi Liu,Red Hat,KaiyiLiu1234,
,,Peng Hui Jiang,IBM,jiangphcn,
,,William Caban,Red Hat,williamcaban,
,,Yi Yuan,IBM,SamYuan1990,
,,Qi Feng Huo,IBM,huoqifeng,
,,Ken Lu,Intel,kenplusplus,
,,Marcelo Amaral,IBM,marceloamaral,
,,Niki Manoledaki,Grafana Labs,nikimanoledaki,
,,Brad McCoy,Basiq,bradmccoydev,
,,Sunyanan Choochotkaew,IBM,sunya-ch,
,,Ruomeng Hao,Intel,ruomengh,
,,Chen Wang,IBM,wangchen615,
Sandbox,SlimToolkit,Kyle Quest,,kcq,https://github.com/slimtoolkit/slim/blob/master/MAINTAINERS.md
,,Ivan Velichko,,iximiuz,
Sandbox,PipeCD,Tran Cong Khanh,CyberAgent,khanhtc1202,https://github.com/pipe-cd/pipecd/blob/master/MAINTAINERS.md
,,Kenta Kozuka,CyberAgent,kentakozuka,
,,Akinori Yamada,CyberAgent,stormcat24,
,,Le Van Nghia,CyberAgent,nghialv,
,,Yoshiki Fujikane,CyberAgent,ffjlabo,
Sandbox,Inspektor Gadget,Mauricio Vásquez Bernal,Microsoft,mauriciovasquezbernal,https://github.com/inspektor-gadget/inspektor-gadget/blob/main/MAINTAINERS.md
,,Alban Crequy,Microsoft,alban,
,,Francis Laniel,Microsoft,eiffel-fl,
,,Jose Blanquicet,Microsoft,blanquicet,
,,Michael Friese,Microsoft,flyth,
,,Burak Ok,Microsoft,burak-ok,
,,Qasim Sarfraz,Microsoft,mqasimsarfraz,
,,Claudia Marcu,Microsoft,claudiamarcubina,
,,Chris Kühl,Microsoft,blixtra,
Sandbox,Headlamp,Joaquim Rocha,Microsoft,joaquimrocha,https://github.com/headlamp-k8s/headlamp/blob/main/MAINTAINERS.md
,,René Dudfield,Microsoft,illume,
,,Ashu Ghildiyal,Microsoft,ashu8912,
,,Santhosh Nagaraj,Microsoft,yolossn,
,,Kautilya Tripathi,Microsoft,knrt10,
Sandbox,Xline,Jiawei Zhao,Datenlord,Phoenix500526,https://github.com/datenlord/Xline/blob/master/MAINTAINERS
,,Jicheng Shi,Datenlord,rogercloud,
,,Yu Guan,Datenlord,themanforfree,
,,Zhenghao Yin,Datenlord,bsbds,
,,Wenhui Tang,Datenlord,iGxnon,
Sandbox,Microcks,Laurent Broudoux,Postman,lbroudoux,https://github.com/microcks/.github/blob/main/MAINTAINERS.md
,,Yacine Kheddache,Postman,yada,
Sandbox,SOPS,Hidde Beydals,Weaveworks,hiddeco,https://github.com/getsops/community/blob/main/MAINTAINERS.md
,,Andrew Block,Red Hat,sabre1041,
,,Devin Buhl,Individual,onedr0p,
,,Devin Stein,Individual,devstein,
Sandbox,Eraser,Sertac Ozercan,Microsoft,sozercan,https://github.com/eraser-dev/eraser/blob/main/MAINTAINERS.md
,,Ashna Mehrotra,Microsoft,ashnamehrotra,
,,Peter Engelbert,Microsoft,pmengelbert,
,,Brian Goff,Microsoft,cpuguy83,
,,Xander Grzywinski,Microsoft,salaxander,
Sandbox,kpt,Morten Torkildsen,Google,mortent,https://github.com/kptdev/kpt/blob/main/MAINTAINERS
,,Sunil Arora,Google,droot,
,,Natasha Sarkar,Google,natasha41575,
,,Justin Santa Barbara,Google,justinsb,
,,John Belamaric,Google,johnbelamaric,
Sandbox,Copa,Sertac Ozercan,Microsoft,sozercan,https://github.com/project-copacetic/copacetic/blob/main/CODEOWNERS
,,Xander Grzywinski,Microsoft,salaxander,
,,Jeremy Rickard,Microsoft,jeremyrickard,
Sandbox,Capsule,Adriano Pezzuto,Clastix,bsctl,https://github.com/clastix/capsule/blob/master/.github/maintainers.yaml
,,Dario Tranchitella,Clastix,prometherion,
,,Maksim Fedotov,wargaming.net,MaxFedotov,
,,Oliver Bähler,Bedag Informatik AG,oliverbaehler,
Sandbox,kcl,Pengfei Xu,Ant Group,Peefy,https://github.com/kcl-lang/kcl/blob/main/MAINTAINERS
,,Xiaodong Duo,Ant Group,ldxdl,
,,Chaoqun Huang,TuSimple,ekkoful,
,,Shushan Chai,Ant Group,chai2010,
,,Rui Xia,Ant Group,amyXia1994,
,,Zhe Zong,Ant Group,zong-zhe,
,,Xiangfei Chen,Ant Group,NeverRaR,
,,Zheng Zhang,Ant Group,He1pa,
,,Junxing Zhu,Southeast University,jakezhu9,
Sandbox,kcp,Andy Anderson,IBM,clubanderson,https://github.com/kcp-dev/kcp/blob/main/OWNERS
,,Sebastian Scheele,Kubermatic,scheeles,
,,Stefan Schimanski,Upbound,sttts,
,,Christoph Mewes,Kubermatic,xrstf,
,,Mangirdas Judeikis,synpse.net & Cast.AI,mjudeikis,
,,Marvin Beckers,Kubermatic,embik,
Incubating,Kubeflow,Aldo Culquicondor,Google,alculquicondor,https://github.com/kubeflow/community/blob/master/MAINTAINERS.md
,,Andrey Velichkevich,Apple,andreyvelich,
,,Animesh Singh,LinkedIn,animeshsingh,
,,Ce Gao,TensorChord,gaocegege,
,,Chen Sun,Google,chensun,
,,Christian Kadner,IBM,ckadner,
,,Feng Li,IBM,fenglixa,
,,Gang Pu,IBM,pugangxa,
,,Ilias Katsakioris,HPE,elikatsis,
,,James Liu,Google,zijianjoy,
,,James Wu,Google,james-jwu,
,,Jiaxin Shan,Bytedance,Jeffwan,
,,Johnu George,Nutanix,johnugeorge,
,,Josh Bottum,Independent,jbottum,
,,Kimonas Sotirchos,Canonical,kimwnasptd,
,,Mathew Wicks,Aranui Solutions,thesuperzapper,
,,Prashant Sharma,IBM,scrapcodes,
,,Rong Ou,NVIDIA,rongou,
,,Stefano Fioravanzo,HPE,StefanoFioravanzo,
,,Thea Lamkin,Google,theadactyl,
,,Tommy Li,IBM,Tomcli,
,,Wang Zhang,Tencent,zw0610,
,,Yannis Zarkadas,Columbia University,yanniszark,
,,Yao Xiao,Google,PatrickXYS,
,,Yang Pan,Google,IronPan,
,,Yihong Wang,IBM,yhwang,
,,Yuan (Terry) Tang,Red Hat,terrytangyuan,
,,Yuki Iwai,CyberAgent,tenzen-y,
