Package Name,License Concluded,Comments,Date Published,Last updated: 8-14-2023
gonum.org/v1/gonum,((BSD-3-Clause OR CC0-1.0) AND BSD-3-Clause),allowlisted,2019-11-01,
github.com/aws/aws-sdk-go,((MIT OR GPL-3.0) AND BSD-3-Clause AND Apache-2.0 AND MIT),allowlisted,2019-11-01,
ejs,(Apache-2.0 AND MIT),allowlisted,2019-11-01,
github.com/cloudfoundry-incubator/candiedyaml,(Apache-2.0 AND MIT),allowlisted,2019-11-01,
github.com/docker/cli,(Apache-2.0 AND MIT),allowlisted,2019-11-01,
github.com/docker/docker,(Apache-2.0 AND MIT),allowlisted,2019-11-01,
github.com/go-openapi/swag,(Apache-2.0 AND MIT),allowlisted,2019-11-01,
github.com/go-yaml/yaml,(Apache-2.0 AND MIT),allowlisted,2019-11-01,
github.com/ncabatoff/process-exporter,(Apache-2.0 AND MIT),allowlisted,2019-11-01,
github.com/skynetservices/skydns,(Apache-2.0 AND MIT),allowlisted,2019-11-01,
github.com/spf13/cobra,(Apache-2.0 AND MIT),allowlisted,2019-11-01,
github.com/xanzy/ssh-agent,(Apache-2.0 AND MIT),not auto-allowlist because: Insufficient stars / forks; approved by GB exception 2019-03-11,2019-11-01,
github.com/xeipuuv/gojsonschema,(Apache-2.0 AND MIT),allowlisted,2019-11-01,
github.com/heketi/heketi REST API,(Apache-2.0 OR LGPL-3.0-or-later),"Apache-2.0, no approval needed",2019-11-01,
github.com/fsouza/go-dockerclient,(BSD-2-Clause AND Apache-2.0),allowlisted,2019-11-01,
github.com/cloudflare/cfssl,(BSD-2-Clause AND BSD-3-Clause AND ISC),allowlisted,2019-11-01,
github.com/sirupsen/logrus,(BSD-2-Clause AND BSD-3-Clause AND MIT),allowlisted,2019-11-01,
github.com/Sirupsen/logrus,(BSD-2-Clause AND BSD-3-Clause AND MIT),allowlisted,2019-11-01,
github.com/globalsign/mgo,(BSD-2-Clause AND BSD-3-Clause),allowlisted,2019-11-01,
github.com/gogo/protobuf,(BSD-2-Clause AND BSD-3-Clause),allowlisted,2019-11-01,
github.com/magiconair/properties,(BSD-2-Clause AND BSD-3-Clause),allowlisted,2019-11-01,
github.com/scalingdata/gcfg,(BSD-2-Clause AND BSD-3-Clause),allowlisted,2019-11-01,
github.com/zchee/go-vmnet,(BSD-2-Clause AND BSD-3-Clause),not auto-allowlist because: Insufficient stars / forks; approved by GB exception 2019-03-11,2019-11-01,
gopkg.in/check.v1,(BSD-2-Clause AND BSD-3-Clause),allowlisted,2019-11-01,
speter.net/go/exp,(BSD-2-Clause AND BSD-3-Clause),not auto-allowlist because: No measure of stars / forks; approved by GB exception 2019-03-11,2019-11-01,
github.com/emirpasic/gods,(BSD-2-Clause AND ISC),allowlisted,2019-11-01,
github.com/gorilla/websocket,(BSD-2-Clause AND MIT),allowlisted,2019-11-01,
github.com/storageos/go-api,(BSD-2-Clause AND MIT),allowlisted,2019-11-01,
github.com/pquerna/ffjson,(BSD-3-Clause AND Apache-2.0 AND ISC),allowlisted,2019-11-01,
google.golang.org/grpc,(BSD-3-Clause AND Apache-2.0 AND LicenseRef-Google-Patents-Notice-GRPC),not auto-allowlist because: Non-allowlist license(s); approved by GB exception 2019-03-11,2019-11-01,
github.com/googleapis/gnostic,(BSD-3-Clause AND Apache-2.0 AND MIT),allowlisted,2019-11-01,
github.com/prometheus/client_golang,(BSD-3-Clause AND Apache-2.0 AND MIT),allowlisted,2019-11-01,
github.com/spotinst/spotinst-sdk-go,(BSD-3-Clause AND Apache-2.0 AND MIT),not auto-allowlist because: Insufficient stars / forks; approved by GB exception 2019-03-11,2019-11-01,
google.golang.org/api,(BSD-3-Clause AND Apache-2.0 AND MIT),not auto-allowlist because: No measure of stars / forks; approved by GB exception 2019-03-11,2019-11-01,
github.com/coreos/etcd,(BSD-3-Clause AND Apache-2.0),allowlisted,2019-11-01,
github.com/docker/engine-api,(BSD-3-Clause AND Apache-2.0),allowlisted,2019-11-01,
github.com/google/certificate-transparency-go,(BSD-3-Clause AND Apache-2.0),allowlisted,2019-11-01,
github.com/grpc-ecosystem/grpc-gateway,(BSD-3-Clause AND Apache-2.0),allowlisted,2019-11-01,
github.com/matttproud/golang_protobuf_extensions,(BSD-3-Clause AND Apache-2.0),allowlisted,2019-11-01,
github.com/pquerna/cachecontrol,(BSD-3-Clause AND Apache-2.0),allowlisted,2019-11-01,
github.com/prometheus/common,(BSD-3-Clause AND Apache-2.0),allowlisted,2019-11-01,
github.com/vmware/govmomi,(BSD-3-Clause AND Apache-2.0),allowlisted,2019-11-01,
github.com/vmware/photon-controller-go-sdk,(BSD-3-Clause AND Apache-2.0),allowlisted,2019-11-01,
google.golang.org/appengine,(BSD-3-Clause AND Apache-2.0),not auto-allowlist because: No measure of stars / forks; approved by GB exception 2019-03-11,2019-11-01,
gopkg.in/square/go-jose.v2,(BSD-3-Clause AND Apache-2.0),allowlisted,2019-11-01,
github.com/google/go-github,(BSD-3-Clause AND CC-BY-3.0),not auto-allowlist because: Non-allowlist license(s); approved by GB exception 2019-03-11,2019-11-01,
github.com/grpc-ecosystem/grpc-opentracing,(BSD-3-Clause AND LicenseRef-Google-Patents-Notice-GRPC),not auto-allowlist because: Non-allowlist license(s); approved by GB exception 2019-03-11,2019-11-01,
highlight.js,(BSD-3-Clause AND MIT AND CC0-1.0 AND LicenseRef-Public-domain-statement),not auto-allowlist because: Non-allowlist license(s); approved by GB exception 2019-03-11,2019-11-01,
github.com/daviddengcn/go-colortext,(BSD-3-Clause AND MIT),allowlisted,2019-11-01,
github.com/digitalocean/godo,(BSD-3-Clause AND MIT),allowlisted,2019-11-01,
github.com/djherbis/atime,(BSD-3-Clause AND MIT),allowlisted,2019-11-01,
github.com/fullsailor/pkcs7,(BSD-3-Clause AND MIT),allowlisted,2019-11-01,
github.com/ghodss/yaml,(BSD-3-Clause AND MIT),allowlisted,2019-11-01,
github.com/mattn/go-zglob,(BSD-3-Clause AND MIT),allowlisted,2019-11-01,
github.com/Microsoft/go-winio,(BSD-3-Clause AND MIT),allowlisted,2019-11-01,
github.com/Microsoft/hcsshim,(BSD-3-Clause AND MIT),allowlisted,2019-11-01,
gopkg.in/olivere/elastic.v3,(BSD-3-Clause AND MIT),allowlisted,2019-11-01,
gopkg.in/olivere/elastic.v5,(BSD-3-Clause AND MIT),allowlisted,2019-11-01,
marked,(BSD-3-Clause AND MIT),allowlisted,2019-11-01,
sigs.k8s.io/yaml,(BSD-3-Clause AND MIT),fork of github.com/ghodss/yaml; not auto-allowlist because: Modified; approved by GB exception 2019-03-11,2019-11-01,
font-awesome,(CC-BY-3.0 AND MIT AND OFL-1.1),not auto-allowlist because: Non-allowlist license(s); approved by GB exception 2019-03-11,2019-11-01,
bootstrap,(CC-BY-3.0 AND MIT),not auto-allowlist because: Non-allowlist license(s); approved by GB exception 2019-03-11,2019-11-01,
github.com/go-openapi/spec,(CC-BY-4.0 AND Apache-2.0 AND MIT),allowlisted,2019-11-01,
github.com/containerd/containerd,(CC-BY-4.0 AND Apache-2.0),"Apache-2.0, no approval needed",2019-11-01,
github.com/docker/go-units,(CC-BY-SA-4.0 AND CC-BY-4.0 AND Apache-2.0),not auto-allowlist because: Non-allowlist license(s); approved by GB exception 2019-03-11,2019-11-01,
github.com/opencontainers/go-digest,(CC-BY-SA-4.0 AND CC-BY-4.0 AND Apache-2.0),not auto-allowlist because: Non-allowlist license(s); approved by GB exception 2019-03-11,2019-11-01,
github.com/docker/spdystream,(CC-BY-SA-4.0 AND CC-BY-4.0 AND BSD-3-Clause AND Apache-2.0),not auto-allowlist because: Non-allowlist license(s); approved by GB exception 2019-03-11,2019-11-01,
jQuery hashchange event,(GPL-2.0+ OR MIT),contained directly in repo; not auto-allowlist because: Not isolated; approved by GB exception 2019-03-11,2019-11-01,
github.com/howeyc/gopass,(ISC AND CDDL-1.0),not auto-allowlist because: Non-allowlist license(s); approved by GB exception 2019-03-11,2019-11-01,
github.com/opencontainers/runc,(LicenseRef-CC-unspecified AND Apache-2.0),not auto-allowlist because: Non-allowlist license(s); approved by GB exception 2019-03-11,2019-11-01,
golang.org/x/net,(LicenseRef-Google-Patents-Notice-Golang AND BSD-2-Clause AND BSD-3-Clause AND CC-BY-3.0 AND (BSD-3-Clause OR LicenseRef-W3C-Test-Suite-License-1)),not auto-allowlist because: Non-allowlist license(s); approved by GB exception 2019-03-11,2019-11-01,
golang.org/x/sys,(LicenseRef-Google-Patents-Notice-Golang AND BSD-2-Clause AND BSD-3-Clause),allowlisted,2019-11-01,
golang.org/x/tools,(LicenseRef-Google-Patents-Notice-Golang AND BSD-3-Clause AND Apache-2.0 AND MIT),allowlisted,2019-11-01,
golang.org/x/crypto,(LicenseRef-Google-Patents-Notice-Golang AND BSD-3-Clause AND MIT AND LicenseRef-Public-domain-statement),not auto-allowlist because: Non-allowlist license(s); approved by GB exception 2019-03-11,2019-11-01,
github.com/golang/dep,(LicenseRef-Google-Patents-Notice-Golang AND BSD-3-Clause),allowlisted,2019-11-01,
github.com/sigma/go-inotify,(LicenseRef-Google-Patents-Notice-Golang AND BSD-3-Clause),not auto-allowlist because: Insufficient stars / forks; approved by GB exception 2019-03-11,2019-11-01,
golang.org/x/build,(LicenseRef-Google-Patents-Notice-Golang AND BSD-3-Clause),allowlisted,2019-11-01,
golang.org/x/exp,(LicenseRef-Google-Patents-Notice-Golang AND BSD-3-Clause),allowlisted,2019-11-01,
golang.org/x/sync,(LicenseRef-Google-Patents-Notice-Golang AND BSD-3-Clause),allowlisted,2019-11-01,
golang.org/x/text,(LicenseRef-Google-Patents-Notice-Golang AND BSD-3-Clause),allowlisted,2019-11-01,
golang.org/x/time,(LicenseRef-Google-Patents-Notice-Golang AND BSD-3-Clause),allowlisted,2019-11-01,
golang/expansion,(LicenseRef-Google-Patents-Notice-Golang AND BSD-3-Clause),modified from upstream; not auto-allowlist because: Modified; approved by GB exception 2019-03-11,2019-11-01,
golang/go/types,(LicenseRef-Google-Patents-Notice-Golang AND BSD-3-Clause),modified from upstream; not auto-allowlist because: Modified; approved by GB exception 2019-03-11,2019-11-01,
golang/reflect,(LicenseRef-Google-Patents-Notice-Golang AND BSD-3-Clause),modified from upstream; not auto-allowlist because: Modified; approved by GB exception 2019-03-11,2019-11-01,
golang/template,(LicenseRef-Google-Patents-Notice-Golang AND BSD-3-Clause),modified from upstream; not auto-allowlist because: Modified; approved by GB exception 2019-03-11,2019-11-01,
github.com/dgryski/go-onlinestats,(MIT AND LicenseRef-Public-domain-statement),not auto-allowlist because: Non-allowlist license(s); approved by GB exception 2019-03-11,2019-11-01,
github.com/mattn/go-sqlite3,(MIT AND LicenseRef-Public-domain-statement),not auto-allowlist because: Non-allowlist license(s); approved by GB exception 2019-03-11,2019-11-01,
jQuery BBQ,(MIT OR GPL-2.0+),contained directly in repo; not auto-allowlist because: Not isolated; approved by GB exception 2019-03-11,2019-11-01,
github.com/client9/misspell,(Unlicense AND BSD-3-Clause AND MIT),not auto-allowlist because: Non-allowlist license(s); approved by GB exception 2019-03-11,2019-11-01,
cloud.google.com/go,Apache-2.0,"Apache-2.0, no approval needed",2019-11-01,
code.cloudfoundry.org/clock,Apache-2.0,"Apache-2.0, no approval needed",2019-11-01,
github.com/abbot/go-http-auth,Apache-2.0,"Apache-2.0, no approval needed",2019-11-01,
github.com/aokoli/goutils,Apache-2.0,"Apache-2.0, no approval needed",2019-11-01,
github.com/appc/spec,Apache-2.0,"Apache-2.0, no approval needed",2019-11-01,
github.com/aws/aws-k8s-tester,Apache-2.0,"Apache-2.0, no approval needed",2019-11-01,
github.com/Azure/azure-sdk-for-go,Apache-2.0,"Apache-2.0, no approval needed",2019-11-01,
github.com/Azure/go-autorest,Apache-2.0,"Apache-2.0, no approval needed",2019-11-01,
github.com/bazelbuild/bazel-gazelle,Apache-2.0,"Apache-2.0, no approval needed",2019-11-01,
github.com/bazelbuild/buildtools,Apache-2.0,"Apache-2.0, no approval needed",2019-11-01,
github.com/bluebreezecf/opentsdb-goclient,Apache-2.0,"Apache-2.0, no approval needed",2019-11-01,
github.com/clusterhq/flocker-go,Apache-2.0,"Apache-2.0, no approval needed",2019-11-01,
github.com/cockroachdb/cmux,Apache-2.0,"Apache-2.0, no approval needed",2019-11-01,
github.com/codedellemc/goscaleio,Apache-2.0,"Apache-2.0, no approval needed",2019-11-01,
github.com/container-storage-interface/spec,Apache-2.0,"Apache-2.0, no approval needed",2019-11-01,
github.com/containerd/console,Apache-2.0,"Apache-2.0, no approval needed",2019-11-01,
github.com/containernetworking/cni,Apache-2.0,"Apache-2.0, no approval needed",2019-11-01,
github.com/containernetworking/plugins,Apache-2.0,"Apache-2.0, no approval needed",2019-11-01,
github.com/coredns/coredns,Apache-2.0,"Apache-2.0, no approval needed",2019-11-01,
github.com/coreos/go-etcd,Apache-2.0,"Apache-2.0, no approval needed",2019-11-01,
github.com/coreos/go-oidc,Apache-2.0,"Apache-2.0, no approval needed",2019-11-01,
github.com/coreos/go-semver,Apache-2.0,"Apache-2.0, no approval needed",2019-11-01,
github.com/coreos/go-systemd,Apache-2.0,"Apache-2.0, no approval needed",2019-11-01,
github.com/coreos/pkg,Apache-2.0,"Apache-2.0, no approval needed",2019-11-01,
github.com/coreos/rkt,Apache-2.0,"Apache-2.0, no approval needed",2019-11-01,
github.com/denverdino/aliyungo,Apache-2.0,"Apache-2.0, no approval needed",2019-11-01,
github.com/docker/distribution,Apache-2.0,"Apache-2.0, no approval needed",2019-11-01,
github.com/docker/go-connections,Apache-2.0,"Apache-2.0, no approval needed",2019-11-01,
github.com/docker/libcompose,Apache-2.0,"Apache-2.0, no approval needed",2019-11-01,
github.com/docker/libnetwork,Apache-2.0,"Apache-2.0, no approval needed",2019-11-01,
github.com/docker/libtrust,Apache-2.0,"Apache-2.0, no approval needed",2019-11-01,
github.com/docker/machine,Apache-2.0,"Apache-2.0, no approval needed",2019-11-01,
github.com/euank/go-kmsg-parser,Apache-2.0,"Apache-2.0, no approval needed",2019-11-01,
github.com/flynn/go-shlex,Apache-2.0,"Apache-2.0, no approval needed",2019-11-01,
github.com/go-ini/ini,Apache-2.0,"Apache-2.0, no approval needed",2019-11-01,
github.com/go-openapi/analysis,Apache-2.0,"Apache-2.0, no approval needed",2019-11-01,
github.com/go-openapi/errors,Apache-2.0,"Apache-2.0, no approval needed",2019-11-01,
github.com/go-openapi/jsonpointer,Apache-2.0,"Apache-2.0, no approval needed",2019-11-01,
github.com/go-openapi/jsonreference,Apache-2.0,"Apache-2.0, no approval needed",2019-11-01,
github.com/go-openapi/loads,Apache-2.0,"Apache-2.0, no approval needed",2019-11-01,
github.com/go-openapi/runtime,Apache-2.0,"Apache-2.0, no approval needed",2019-11-01,
github.com/go-openapi/strfmt,Apache-2.0,"Apache-2.0, no approval needed",2019-11-01,
github.com/go-openapi/validate,Apache-2.0,"Apache-2.0, no approval needed",2019-11-01,
github.com/golang/glog,Apache-2.0,"Apache-2.0, no approval needed",2019-11-01,
github.com/golang/groupcache,Apache-2.0,"Apache-2.0, no approval needed",2019-11-01,
github.com/golang/mock,Apache-2.0,"Apache-2.0, no approval needed",2019-11-01,
github.com/google/btree,Apache-2.0,"Apache-2.0, no approval needed",2019-11-01,
github.com/google/cadvisor,Apache-2.0,"Apache-2.0, no approval needed",2019-11-01,
github.com/google/go-containerregistry,Apache-2.0,"Apache-2.0, no approval needed",2019-11-01,
github.com/google/go-tpm,Apache-2.0,"Apache-2.0, no approval needed",2019-11-01,
github.com/google/gofuzz,Apache-2.0,"Apache-2.0, no approval needed",2019-11-01,
github.com/GoogleCloudPlatform/gke-managed-certs,Apache-2.0,"Apache-2.0, no approval needed",2019-11-01,
github.com/gophercloud/gophercloud,Apache-2.0,"Apache-2.0, no approval needed",2019-11-01,
github.com/grpc-ecosystem/go-grpc-middleware,Apache-2.0,"Apache-2.0, no approval needed",2019-11-01,
github.com/grpc-ecosystem/go-grpc-prometheus,Apache-2.0,"Apache-2.0, no approval needed",2019-11-01,
github.com/hawkular/hawkular-client-go,Apache-2.0,"Apache-2.0, no approval needed",2019-11-01,
github.com/inconshreveable/mousetrap,Apache-2.0,"Apache-2.0, no approval needed",2019-11-01,
github.com/jimmidyson/go-download,Apache-2.0,"Apache-2.0, no approval needed",2019-11-01,
github.com/jmespath/go-jmespath,Apache-2.0,"Apache-2.0, no approval needed",2019-11-01,
github.com/jonboulle/clockwork,Apache-2.0,"Apache-2.0, no approval needed",2019-11-01,
github.com/knative/build,Apache-2.0,"Apache-2.0, no approval needed",2019-11-01,
github.com/kubernetes-incubator/apiserver-builder,Apache-2.0,"Apache-2.0, no approval needed",2019-11-01,
github.com/kubernetes-incubator/reference-docs,Apache-2.0,"Apache-2.0, no approval needed",2019-11-01,
github.com/kubernetes-sigs/application,Apache-2.0,"Apache-2.0, no approval needed",2019-11-01,
github.com/kubernetes/repo-infra,Apache-2.0,"Apache-2.0, no approval needed",2019-11-01,
github.com/kylelemons/godebug,Apache-2.0,"Apache-2.0, no approval needed",2019-11-01,
github.com/libopenstorage/openstorage,Apache-2.0,"Apache-2.0, no approval needed",2019-11-01,
github.com/lpabon/godbc,Apache-2.0,"Apache-2.0, no approval needed",2019-11-01,
github.com/mesos/mesos-go,Apache-2.0,"Apache-2.0, no approval needed",2019-11-01,
github.com/mholt/caddy,Apache-2.0,"Apache-2.0, no approval needed",2019-11-01,
github.com/miekg/coredns,Apache-2.0,"Apache-2.0, no approval needed",2019-11-01,
github.com/mindprince/gonvml,Apache-2.0,"Apache-2.0, no approval needed",2019-11-01,
github.com/mistifyio/go-zfs,Apache-2.0,"Apache-2.0, no approval needed",2019-11-01,
github.com/moby/hyperkit,Apache-2.0,"Apache-2.0, no approval needed",2019-11-01,
github.com/modern-go/concurrent,Apache-2.0,"Apache-2.0, no approval needed",2019-11-01,
github.com/modern-go/reflect2,Apache-2.0,"Apache-2.0, no approval needed",2019-11-01,
github.com/mrunalp/fileutils,Apache-2.0,"Apache-2.0, no approval needed",2019-11-01,
github.com/novln/docker-parser,Apache-2.0,"Apache-2.0, no approval needed",2019-11-01,
github.com/NYTimes/gziphandler,Apache-2.0,"Apache-2.0, no approval needed",2019-11-01,
github.com/opencontainers/image-spec,Apache-2.0,"Apache-2.0, no approval needed",2019-11-01,
github.com/opencontainers/runtime-spec,Apache-2.0,"Apache-2.0, no approval needed",2019-11-01,
github.com/opencontainers/selinux,Apache-2.0,"Apache-2.0, no approval needed",2019-11-01,
github.com/openshift/origin,Apache-2.0,"Apache-2.0, no approval needed",2019-11-01,
github.com/paultag/sniff,Apache-2.0,"Apache-2.0, no approval needed",2019-11-01,
github.com/prometheus/client_model,Apache-2.0,"Apache-2.0, no approval needed",2019-11-01,
github.com/prometheus/procfs,Apache-2.0,"Apache-2.0, no approval needed",2019-11-01,
github.com/r2d4/external-storage,Apache-2.0,"Apache-2.0, no approval needed",2019-11-01,
github.com/rackspace/gophercloud,Apache-2.0,"Apache-2.0, no approval needed",2019-11-01,
github.com/rancher/go-rancher,Apache-2.0,"Apache-2.0, no approval needed",2019-11-01,
github.com/samalba/dockerclient,Apache-2.0,"Apache-2.0, no approval needed",2019-11-01,
github.com/soheilhy/cmux,Apache-2.0,"Apache-2.0, no approval needed",2019-11-01,
github.com/spf13/afero,Apache-2.0,"Apache-2.0, no approval needed",2019-11-01,
github.com/thockin/glogr,Apache-2.0,"Apache-2.0, no approval needed",2019-11-01,
github.com/thockin/logr,Apache-2.0,"Apache-2.0, no approval needed",2019-11-01,
github.com/Unknwon/goconfig,Apache-2.0,"Apache-2.0, no approval needed",2019-11-01,
github.com/vishvananda/netlink,Apache-2.0,"Apache-2.0, no approval needed",2019-11-01,
github.com/vishvananda/netns,Apache-2.0,"Apache-2.0, no approval needed",2019-11-01,
github.com/weaveworks/mesh,Apache-2.0,"Apache-2.0, no approval needed",2019-11-01,
github.com/xanzy/go-cloudstack,Apache-2.0,"Apache-2.0, no approval needed",2019-11-01,
github.com/xeipuuv/gojsonpointer,Apache-2.0,"Apache-2.0, no approval needed",2019-11-01,
github.com/xeipuuv/gojsonreference,Apache-2.0,"Apache-2.0, no approval needed",2019-11-01,
go.opencensus.io,Apache-2.0,"Apache-2.0, no approval needed",2019-11-01,
go4.org/errorutil,Apache-2.0,"Apache-2.0, no approval needed",2019-11-01,
google.golang.org/cloud,Apache-2.0,"Apache-2.0, no approval needed",2019-11-01,
google.golang.org/genproto,Apache-2.0,"Apache-2.0, no approval needed",2019-11-01,
gopkg.in/src-d,Apache-2.0,"Apache-2.0, no approval needed",2019-11-01,
github.com/bwmarrin/snowflake,BSD-2-Clause,allowlisted,2019-11-01,
github.com/dchest/safefile,BSD-2-Clause,allowlisted,2019-11-01,
github.com/elazarl/go-bindata-assetfs,BSD-2-Clause,allowlisted,2019-11-01,
github.com/fsouza/fake-gcs-server,BSD-2-Clause,allowlisted,2019-11-01,
github.com/GeertJohan/go.rice,BSD-2-Clause,allowlisted,2019-11-01,
github.com/godbus/dbus,BSD-2-Clause,allowlisted,2019-11-01,
github.com/karrick/godirwalk,BSD-2-Clause,allowlisted,2019-11-01,
github.com/pkg/browser,BSD-2-Clause,allowlisted,2019-11-01,
github.com/pkg/errors,BSD-2-Clause,allowlisted,2019-11-01,
github.com/pkg/profile,BSD-2-Clause,allowlisted,2019-11-01,
github.com/pkg/sftp,BSD-2-Clause,allowlisted,2019-11-01,
github.com/russross/blackfriday,BSD-2-Clause,allowlisted,2019-11-01,
github.com/seccomp/libseccomp-golang,BSD-2-Clause,allowlisted,2019-11-01,
github.com/streadway/quantile,BSD-2-Clause,allowlisted,2019-11-01,
github.com/syndtr/gocapability,BSD-2-Clause,allowlisted,2019-11-01,
gopkg.in/warnings.v0,BSD-2-Clause,not auto-allowlist because: Insufficient stars / forks; approved by GB exception 2019-03-11,2019-11-01,
github.com/Nvveen/Gotty,BSD-2-Clause-FreeBSD,not auto-allowlist because: Insufficient stars / forks; approved by GB exception 2019-03-11,2019-11-01,
github.com/rcrowley/go-metrics,BSD-2-Clause-FreeBSD,allowlisted,2019-11-01,
bitbucket.org/ww/goautoneg,BSD-3-Clause,not auto-allowlist because: Insufficient stars / forks; approved by GB exception 2019-03-11,2019-11-01,
dialog-polyfill.css,BSD-3-Clause,contained directly in repo; not auto-allowlist because: Not isolated; approved by GB exception 2019-03-11,2019-11-01,
github.com/aclements/go-moremath,BSD-3-Clause,allowlisted,2019-11-01,
github.com/bungle/lua-resty-template,BSD-3-Clause,modified from upstream; not auto-allowlist because: Modified; approved by GB exception 2019-03-11,2019-11-01,
github.com/chai2010/gettext-go,BSD-3-Clause,allowlisted,2019-11-01,
github.com/cyphar/filepath-securejoin,BSD-3-Clause,allowlisted,2019-11-01,
github.com/d2g/dhcp4,BSD-3-Clause,not auto-allowlist because: Insufficient stars / forks; approved by GB exception 2019-03-11,2019-11-01,
github.com/elazarl/goproxy,BSD-3-Clause,allowlisted,2019-11-01,
github.com/evanphx/json-patch,BSD-3-Clause,allowlisted,2019-11-01,
github.com/fsnotify/fsnotify,BSD-3-Clause,allowlisted,2019-11-01,
github.com/golang/lint,BSD-3-Clause,allowlisted,2019-11-01,
github.com/golang/protobuf,BSD-3-Clause,allowlisted,2019-11-01,
github.com/golang/snappy,BSD-3-Clause,allowlisted,2019-11-01,
github.com/gonum/graph,BSD-3-Clause,modified from upstream; not auto-allowlist because: Modified; approved by GB exception 2019-03-11,2019-11-01,
github.com/google/go-querystring,BSD-3-Clause,allowlisted,2019-11-01,
github.com/google/uuid,BSD-3-Clause,allowlisted,2019-11-01,
github.com/googleapis/gax-go,BSD-3-Clause,allowlisted,2019-11-01,
github.com/gorilla/context,BSD-3-Clause,allowlisted,2019-11-01,
github.com/gorilla/mux,BSD-3-Clause,allowlisted,2019-11-01,
github.com/gorilla/securecookie,BSD-3-Clause,allowlisted,2019-11-01,
github.com/gorilla/sessions,BSD-3-Clause,allowlisted,2019-11-01,
github.com/imdario/mergo,BSD-3-Clause,allowlisted,2019-11-01,
github.com/JeffAshton/win_pdh,BSD-3-Clause,not auto-allowlist because: Insufficient stars / forks; approved by GB exception 2019-03-11,2019-11-01,
github.com/kardianos/osext,BSD-3-Clause,allowlisted,2019-11-01,
github.com/kr/fs,BSD-3-Clause,allowlisted,2019-11-01,
github.com/lxn/win,BSD-3-Clause,allowlisted,2019-11-01,
github.com/miekg/dns,BSD-3-Clause,allowlisted,2019-11-01,
github.com/mvdan/xurls,BSD-3-Clause,allowlisted,2019-11-01,
github.com/mxk/go-flowrate,BSD-3-Clause,allowlisted,2019-11-01,
github.com/pborman/uuid,BSD-3-Clause,allowlisted,2019-11-01,
github.com/petar/GoLLRB,BSD-3-Clause,allowlisted,2019-11-01,
github.com/pierrec/lz4,BSD-3-Clause,allowlisted,2019-11-01,
github.com/pierrec/xxHash,BSD-3-Clause,allowlisted,2019-11-01,
github.com/pmezard/go-difflib,BSD-3-Clause,allowlisted,2019-11-01,
github.com/PuerkitoBio/purell,BSD-3-Clause,allowlisted,2019-11-01,
github.com/PuerkitoBio/urlesc,BSD-3-Clause,allowlisted,2019-11-01,
github.com/quobyte/api,BSD-3-Clause,not auto-allowlist because: Insufficient stars / forks; approved by GB exception 2019-03-11,2019-11-01,
github.com/shurcooL/go,BSD-3-Clause,allowlisted,2019-11-01,
github.com/spf13/pflag,BSD-3-Clause,allowlisted,2019-11-01,
github.com/src-d/gcfg,BSD-3-Clause,not auto-allowlist because: Insufficient stars / forks; approved by GB exception 2019-03-11,2019-11-01,
github.com/tent/http-link-go,BSD-3-Clause,not auto-allowlist because: Insufficient stars / forks; approved by GB exception 2019-03-11,2019-11-01,
github.com/ziutek/syslog,BSD-3-Clause,allowlisted,2019-11-01,
go-srcimporter,BSD-3-Clause,modified from upstream; not auto-allowlist because: Modified; approved by GB exception 2019-03-11,2019-11-01,
go9p,BSD-3-Clause,modified from upstream; not auto-allowlist because: Modified; approved by GB exception 2019-03-11,2019-11-01,
godep,BSD-3-Clause,modified from upstream; not auto-allowlist because: Modified; approved by GB exception 2019-03-11,2019-11-01,
golang.org/x/lint,BSD-3-Clause,allowlisted,2019-11-01,
golang.org/x/oauth2,BSD-3-Clause,allowlisted,2019-11-01,
golang/archive/tar,BSD-3-Clause,allowlisted,2019-11-01,
golang/internal/srcimporter,BSD-3-Clause,modified from upstream; not auto-allowlist because: Modified; approved by GB exception 2019-03-11,2019-11-01,
golang/json,BSD-3-Clause,modified from upstream; not auto-allowlist because: Modified; approved by GB exception 2019-03-11,2019-11-01,
golang/netutil,BSD-3-Clause,modified from upstream; not auto-allowlist because: Modified; approved by GB exception 2019-03-11,2019-11-01,
Google Protocol Buffers,BSD-3-Clause,contained directly in repo; not auto-allowlist because: Not isolated; approved by GB exception 2019-03-11,2019-11-01,
gopkg.in/cheggaaa/pb.v1,BSD-3-Clause,allowlisted,2019-11-01,
gopkg.in/fsnotify,BSD-3-Clause,allowlisted,2019-11-01,
gopkg.in/gcfg.v1,BSD-3-Clause,allowlisted,2019-11-01,
gopkg.in/igm/sockjs-go.v2,BSD-3-Clause,allowlisted,2019-11-01,
gopkg.in/inf.v0,BSD-3-Clause,allowlisted,2019-11-01,
gopkg.in/tomb.v1,BSD-3-Clause,allowlisted,2019-11-01,
Highlight,BSD-3-Clause,contained directly in repo; not auto-allowlist because: Not isolated; approved by GB exception 2019-03-11,2019-11-01,
htpasswd,BSD-3-Clause,not auto-allowlist because: No measure of stars / forks; approved by GB exception 2019-03-11,2019-11-01,
Pure CSS,BSD-3-Clause,contained directly in repo; not auto-allowlist because: Not isolated; approved by GB exception 2019-03-11,2019-11-01,
sprintf() for JavaScript,BSD-3-Clause,contained directly in repo; not auto-allowlist because: Not isolated; approved by GB exception 2019-03-11,2019-11-01,
github.com/jteeuwen/go-bindata,CC0-1.0,not auto-allowlist because: Non-allowlist license(s); approved by GB exception 2019-03-11,2019-11-01,
VirtualBox Linux Guest Drivers Makefile,GPL-2.0-only,not auto-allowlist because: Non-allowlist license(s); approved by GB exception 2019-05-20,2019-11-01,
github.com/davecgh/go-spew,ISC,allowlisted,2019-11-01,
shred,ISC,contained directly in repo; not auto-allowlist because: Not isolated; approved by GB exception 2019-03-11,2019-11-01,
Angular,MIT,contained directly in repo; not auto-allowlist because: Not isolated; approved by GB exception 2019-03-11,2019-11-01,
Asciidoctor,MIT,contained directly in repo; not auto-allowlist because: Not isolated; approved by GB exception 2019-03-11,2019-11-01,
Azure acr-docker-credential-helper,MIT,modified from upstream; not auto-allowlist because: Modified; approved by GB exception 2019-03-11,2019-11-01,
Backbone,MIT,contained directly in repo; not auto-allowlist because: Not isolated; approved by GB exception 2019-03-11,2019-11-01,
bitbucket.org/bertimus9/systemstat,MIT,not auto-allowlist because: Insufficient stars / forks; approved by GB exception 2019-03-11,2019-11-01,
Chart.js,MIT,allowlisted,2019-11-01,
colors,MIT,allowlisted,2019-11-01,
Gingko,MIT,contained directly in repo; not auto-allowlist because: Not isolated; approved by GB exception 2019-03-11,2019-11-01,
github.com/andygrunwald/go-gerrit,MIT,allowlisted,2019-11-01,
github.com/armon/circbuf,MIT,allowlisted,2019-11-01,
github.com/armon/go-proxyproto,MIT,allowlisted,2019-11-01,
github.com/armon/go-radix,MIT,allowlisted,2019-11-01,
github.com/asaskevich/govalidator,MIT,allowlisted,2019-11-01,
github.com/Azure/azure-pipeline-go,MIT,not auto-allowlist because: Insufficient stars / forks; approved by GB exception 2019-03-11,2019-11-01,
github.com/Azure/azure-storage-blob-go,MIT,allowlisted,2019-11-01,
github.com/Azure/go-ansiterm,MIT,allowlisted,2019-11-01,
github.com/beorn7/perks,MIT,allowlisted,2019-11-01,
github.com/blang/semver,MIT,allowlisted,2019-11-01,
github.com/boltdb/bolt,MIT,allowlisted,2019-11-01,
github.com/coreos/bbolt,MIT,allowlisted,2019-11-01,
github.com/cpuguy83/go-md2man,MIT,allowlisted,2019-11-01,
github.com/daaku/go.zipexe,MIT,allowlisted,2019-11-01,
github.com/deckarep/golang-set,MIT,allowlisted,2019-11-01,
github.com/dgrijalva/jwt-go,MIT,allowlisted,2019-11-01,
github.com/dustin/go-humanize,MIT,allowlisted,2019-11-01,
github.com/eapache/channels,MIT,allowlisted,2019-11-01,
github.com/eapache/go-resiliency,MIT,allowlisted,2019-11-01,
github.com/eapache/go-xerial-snappy,MIT,allowlisted,2019-11-01,
github.com/eapache/queue,MIT,allowlisted,2019-11-01,
github.com/emicklei/go-restful,MIT,allowlisted,2019-11-01,
github.com/emicklei/go-restful-swagger12,MIT,allowlisted,2019-11-01,
github.com/exponent-io/jsonpath,MIT,allowlisted,2019-11-01,
github.com/fatih/camelcase,MIT,allowlisted,2019-11-01,
github.com/fatih/structs,MIT,allowlisted,2019-11-01,
github.com/go-ozzo/ozzo-validation,MIT,allowlisted,2019-11-01,
github.com/gobuffalo/envy,MIT,allowlisted,2019-11-01,
github.com/gregjones/httpcache,MIT,allowlisted,2019-11-01,
github.com/hpcloud/tail,MIT,allowlisted,2019-11-01,
github.com/huandu/xstrings,MIT,allowlisted,2019-11-01,
github.com/influxdata/influxdb,MIT,allowlisted,2019-11-01,
github.com/jbenet/go-context,MIT,not auto-allowlist because: Insufficient stars / forks; approved by GB exception 2019-03-11,2019-11-01,
github.com/jinzhu/gorm,MIT,allowlisted,2019-11-01,
github.com/jinzhu/inflection,MIT,allowlisted,2019-11-01,
github.com/jmank88/nuts,MIT,not auto-allowlist because: Insufficient stars / forks; approved by GB exception 2019-03-11,2019-11-01,
github.com/jmhodges/clock,MIT,allowlisted,2019-11-01,
github.com/jmoiron/sqlx,MIT,allowlisted,2019-11-01,
github.com/johanneswuerbach/nfsexports,MIT,not auto-allowlist because: Insufficient stars / forks; approved by GB exception 2019-03-11,2019-11-01,
github.com/joho/godotenv,MIT,allowlisted,2019-11-01,
github.com/joshdk/go-junit,MIT,not auto-allowlist because: Insufficient stars / forks; approved by GB exception 2019-03-11,2019-11-01,
github.com/jpillora/backoff,MIT,allowlisted,2019-11-01,
github.com/json-iterator/go,MIT,allowlisted,2019-11-01,
github.com/kevinburke/ssh_config,MIT,allowlisted,2019-11-01,
github.com/kisielk/sqlstruct,MIT,allowlisted,2019-11-01,
github.com/konsorten/go-windows-terminal-sequences,MIT,not auto-allowlist because: Insufficient stars / forks; approved by GB exception 2019-03-11,2019-11-01,
github.com/kr/pretty,MIT,allowlisted,2019-11-01,
github.com/kr/pty,MIT,allowlisted,2019-11-01,
github.com/kr/text,MIT,allowlisted,2019-11-01,
github.com/lib/pq,MIT,allowlisted,2019-11-01,
github.com/libvirt/libvirt-go,MIT,allowlisted,2019-11-01,
github.com/libvirt/libvirt-go-xml,MIT,allowlisted,2019-11-01,
github.com/mailru/easyjson,MIT,allowlisted,2019-11-01,
github.com/MakeNowJust/heredoc,MIT,allowlisted,2019-11-01,
github.com/markbates/inflect,MIT,allowlisted,2019-11-01,
github.com/marpaia/graphite-golang,MIT,allowlisted,2019-11-01,
github.com/marstr/guid,MIT,not auto-allowlist because: Insufficient stars / forks; approved by GB exception 2019-03-11,2019-11-01,
github.com/Masterminds/semver,MIT,allowlisted,2019-11-01,
github.com/Masterminds/sprig,MIT,allowlisted,2019-11-01,
github.com/Masterminds/vcs,MIT,allowlisted,2019-11-01,
github.com/mattn/go-runewidth,MIT,allowlisted,2019-11-01,
github.com/mattn/go-shellwords,MIT,allowlisted,2019-11-01,
github.com/mitchellh/go-homedir,MIT,allowlisted,2019-11-01,
github.com/mitchellh/go-ps,MIT,allowlisted,2019-11-01,
github.com/mitchellh/go-wordwrap,MIT,allowlisted,2019-11-01,
github.com/mitchellh/hashstructure,MIT,allowlisted,2019-11-01,
github.com/mitchellh/mapstructure,MIT,allowlisted,2019-11-01,
github.com/mohae/deepcopy,MIT,allowlisted,2019-11-01,
github.com/moul/http2curl,MIT,allowlisted,2019-11-01,
github.com/multiarch/qemu-user-static,MIT,modified from upstream; not auto-allowlist because: Modified; approved by GB exception 2019-03-11,2019-11-01,
github.com/nightlyone/lockfile,MIT,allowlisted,2019-11-01,
github.com/olekukonko/tablewriter,MIT,allowlisted,2019-11-01,
github.com/onsi/ginkgo,MIT,allowlisted,2019-11-01,
github.com/onsi/gomega,MIT,allowlisted,2019-11-01,
github.com/opentracing/opentracing-go,MIT,allowlisted,2019-11-01,
github.com/parnurzeal/gorequest,MIT,allowlisted,2019-11-01,
github.com/patrickmn/go-cache,MIT,allowlisted,2019-11-01,
github.com/pelletier/go-buffruneio,MIT,allowlisted,2019-11-01,
github.com/pelletier/go-toml,MIT,allowlisted,2019-11-01,
github.com/peterbourgon/diskv,MIT,allowlisted,2019-11-01,
github.com/renstrom/dedent,MIT,allowlisted,2019-11-01,
github.com/Rican7/retry,MIT,allowlisted,2019-11-01,
github.com/riemann/riemann-go-client,MIT,allowlisted,2019-11-01,
github.com/robfig/cron,MIT,allowlisted,2019-11-01,
github.com/rubiojr/go-vhd,MIT,not auto-allowlist because: Insufficient stars / forks; approved by GB exception 2019-03-11,2019-11-01,
github.com/satori/go.uuid,MIT,allowlisted,2019-11-01,
github.com/sdboyer/constext,MIT,allowlisted,2019-11-01,
github.com/sergi/go-diff,MIT,allowlisted,2019-11-01,
github.com/Shopify/sarama,MIT,allowlisted,2019-11-01,
github.com/shurcooL/githubv4,MIT,allowlisted,2019-11-01,
github.com/shurcooL/graphql,MIT,allowlisted,2019-11-01,
github.com/shurcooL/sanitized_anchor_name,MIT,allowlisted,2019-11-01,
github.com/smartystreets/go-aws-auth,MIT,allowlisted,2019-11-01,
github.com/spf13/cast,MIT,allowlisted,2019-11-01,
github.com/spf13/jwalterweatherman,MIT,allowlisted,2019-11-01,
github.com/spf13/viper,MIT,allowlisted,2019-11-01,
github.com/stretchr/objx,MIT,allowlisted,2019-11-01,
github.com/stretchr/testify,MIT,allowlisted,2019-11-01,
github.com/tchap/go-patricia,MIT,allowlisted,2019-11-01,
github.com/tmc/grpc-websocket-proxy,MIT,allowlisted,2019-11-01,
github.com/tsenart/vegeta,MIT,allowlisted,2019-11-01,
github.com/ugorji/go,MIT,allowlisted,2019-11-01,
github.com/urfave/cli,MIT,allowlisted,2019-11-01,
github.com/xiang90/probing,MIT,allowlisted,2019-11-01,
github.com/zakjan/cert-chain-resolver,MIT,allowlisted,2019-11-01,
go.uber.org/atomic,MIT,allowlisted,2019-11-01,
go.uber.org/multierr,MIT,allowlisted,2019-11-01,
go.uber.org/zap,MIT,allowlisted,2019-11-01,
gopkg.in/go-playground/pool.v3,MIT,allowlisted,2019-11-01,
gopkg.in/natefinch/lumberjack.v2,MIT,allowlisted,2019-11-01,
gopkg.in/robfig/cron.v2,MIT,allowlisted,2019-11-01,
Handlebars,MIT,contained directly in repo; not auto-allowlist because: Not isolated; approved by GB exception 2019-03-11,2019-11-01,
jQuery,MIT,contained directly in repo; not auto-allowlist because: Not isolated; approved by GB exception 2019-03-11,2019-11-01,
jquery,MIT,allowlisted,2019-11-01,
jQuery Slideto,MIT,contained directly in repo; not auto-allowlist because: Not isolated; approved by GB exception 2019-03-11,2019-11-01,
jQuery Wiggle,MIT,contained directly in repo; not auto-allowlist because: Not isolated; approved by GB exception 2019-03-11,2019-11-01,
jquery.scrollto,MIT,allowlisted,2019-11-01,
marked,MIT,contained directly in repo; not auto-allowlist because: Not isolated; approved by GB exception 2019-03-11,2019-11-01,
mime,MIT,allowlisted,2019-11-01,
minimist,MIT,allowlisted,2019-11-01,
moment.js,MIT,contained directly in repo; not auto-allowlist because: Not isolated; approved by GB exception 2019-03-11,2019-11-01,
node-static,MIT,allowlisted,2019-11-01,
normalize.css,MIT,contained directly in repo; not auto-allowlist because: Not isolated; approved by GB exception 2019-03-11,2019-11-01,
Octicons,MIT,contained directly in repo; not auto-allowlist because: Not isolated; approved by GB exception 2019-03-11,2019-11-01,
optimist,MIT,allowlisted,2019-11-01,
parseUri,MIT,contained directly in repo; not auto-allowlist because: Not isolated; approved by GB exception 2019-03-11,2019-11-01,
Pause,MIT,not auto-allowlist because: No measure of stars / forks; approved by GB exception 2019-03-11,2019-11-01,
ui-router for Angular,MIT,allowlisted,2019-11-01,
Underscore.js,MIT,contained directly in repo; not auto-allowlist because: Not isolated; approved by GB exception 2019-03-11,2019-11-01,
vbom.ml/util,MIT,allowlisted,2019-11-01,
wordwrap,MIT,allowlisted,2019-11-01,
github.com/c4milo/gotoolkit,MPL-2.0,not auto-allowlist because: Non-allowlist license(s); approved by GB exception 2019-03-11,2019-11-01,
github.com/d2g/dhcp4client,MPL-2.0,not auto-allowlist because: Non-allowlist license(s); approved by GB exception 2019-03-11,2019-11-01,
github.com/go-sql-driver/mysql,MPL-2.0,not auto-allowlist because: Non-allowlist license(s); approved by GB exception 2019-03-11,2019-11-01,
github.com/hashicorp/errwrap,MPL-2.0,not auto-allowlist because: Non-allowlist license(s); approved by GB exception 2019-03-11,2019-11-01,
github.com/hashicorp/go-cleanhttp,MPL-2.0,not auto-allowlist because: Non-allowlist license(s); approved by GB exception 2019-03-11,2019-11-01,
github.com/hashicorp/go-multierror,MPL-2.0,not auto-allowlist because: Non-allowlist license(s); approved by GB exception 2019-03-11,2019-11-01,
github.com/hashicorp/golang-lru,MPL-2.0,not auto-allowlist because: Non-allowlist license(s); approved by GB exception 2019-03-11,2019-11-01,
github.com/hashicorp/hcl,MPL-2.0,not auto-allowlist because: Non-allowlist license(s); approved by GB exception 2019-03-11,2019-11-01,
github.com/hooklift/iso9660,MPL-2.0,not auto-allowlist because: Non-allowlist license(s); approved by GB exception 2019-03-11,2019-11-01,
defusedxml,Python-2.0,allowlisted,2019-11-01,
go-retryablehttp,MPL-2.0,not auto-allowlist because: Non-allowlist license(s); approved by GB exception 2021-07-19,2021-07-19,
go-version,MPL-2.0,not auto-allowlist because: Non-allowlist license(s); approved by GB exception 2022-04-12,2022-04-12,
paho.mqtt.golang,EPL-2.0,not auto-allowlist because: Non-allowlist license(s); approved by GB exception 2022-04-12,2022-04-12,
raft,MPL-2.0,not auto-allowlist because: Non-allowlist license(s); approved by GB exception 2022-04-12,2022-04-12,
raft-boltdb,MPL-2.0,not auto-allowlist because: Non-allowlist license(s); approved by GB exception 2022-04-12,2022-04-12,
tslib,0BSD,not auto-allowlist because: Non-allowlist license(s); approved by GB exception 2022-04-12,2022-04-12,
webpki-roots,MPL-2.0,not auto-allowlist because: Non-allowlist license(s); approved by GB exception 2022-04-12,2022-04-12,
hashicorp/consul/api,MPL-2.0,not auto-allowlist because: Non-allowlist license(s); approved by GB exception 2023-06-27,2023-06-27,
hashicorp/go-hclog,MPL-2.0,not auto-allowlist because: Non-allowlist license(s); approved by GB exception 2023-06-27,2023-06-27,
hashicorp/go-immutable-radix,MPL-2.0,not auto-allowlist because: Non-allowlist license(s); approved by GB exception 2023-06-27,2023-06-27,
hashicorp/go-plugin,MPL-2.0,not auto-allowlist because: Non-allowlist license(s); approved by GB exception 2023-06-27,2023-06-27,
hashicorp/go-rootcerts,MPL-2.0,not auto-allowlist because: Non-allowlist license(s); approved by GB exception 2023-06-27,2023-06-27,
hashicorp/go-secure-stdlib,MPL-2.0,not auto-allowlist because: Non-allowlist license(s); approved by GB exception 2023-06-27,2023-06-27,
hashicorp/go-sockaddr,MPL-2.0,not auto-allowlist because: Non-allowlist license(s); approved by GB exception 2023-06-27,2023-06-27,
hashicorp/go-uuid,MPL-2.0,not auto-allowlist because: Non-allowlist license(s); approved by GB exception 2023-06-27,2023-06-27,
hashicorp/go-version,MPL-2.0,not auto-allowlist because: Non-allowlist license(s); approved by GB exception 2023-06-27,2023-06-27,
hashicorp/raft,MPL-2.0,not auto-allowlist because: Non-allowlist license(s); approved by GB exception 2023-06-27,2023-06-27,
hashicorp/serf,MPL-2.0,not auto-allowlist because: Non-allowlist license(s); approved by GB exception 2023-06-27,2023-06-27,
hashicorp/vault,MPL-2.0,not auto-allowlist because: Non-allowlist license(s); approved by GB exception 2023-06-27,2023-06-27,
hashicorp/yamux,MPL-2.0,not auto-allowlist because: Non-allowlist license(s); approved by GB exception 2023-06-27,2023-06-27,
veraison/go-cose,MPL-2.0,not auto-allowlist because: Non-allowlist license(s); approved by GB exception 2023-06-27,2023-06-27,